{"name":"z-payment","classpathEntries":[{"kind":"binary","path":"C:\\Program Files\\Java\\jdk1.8.0_191\\jre\\lib\\resources.jar","javadocContainerUrl":"https://docs.oracle.com/javase/1/docs/api/","isSystem":true,"isOwn":false,"isTest":false,"isJavaContent":false},{"kind":"binary","path":"C:\\Program Files\\Java\\jdk1.8.0_191\\jre\\lib\\rt.jar","javadocContainerUrl":"https://docs.oracle.com/javase/1/docs/api/","isSystem":true,"isOwn":false,"isTest":false,"isJavaContent":false},{"kind":"binary","path":"C:\\Program Files\\Java\\jdk1.8.0_191\\jre\\lib\\jsse.jar","javadocContainerUrl":"https://docs.oracle.com/javase/1/docs/api/","isSystem":true,"isOwn":false,"isTest":false,"isJavaContent":false},{"kind":"binary","path":"C:\\Program Files\\Java\\jdk1.8.0_191\\jre\\lib\\jce.jar","javadocContainerUrl":"https://docs.oracle.com/javase/1/docs/api/","isSystem":true,"isOwn":false,"isTest":false,"isJavaContent":false},{"kind":"binary","path":"C:\\Program Files\\Java\\jdk1.8.0_191\\jre\\lib\\charsets.jar","javadocContainerUrl":"https://docs.oracle.com/javase/1/docs/api/","isSystem":true,"isOwn":false,"isTest":false,"isJavaContent":false},{"kind":"binary","path":"C:\\Program Files\\Java\\jdk1.8.0_191\\jre\\lib\\jfr.jar","javadocContainerUrl":"https://docs.oracle.com/javase/1/docs/api/","isSystem":true,"isOwn":false,"isTest":false,"isJavaContent":false},{"kind":"binary","path":"C:\\Users\\b8ibmjava13\\.m2\\repository\\org\\springframework\\boot\\spring-boot-starter-data-jpa\\2.2.1.RELEASE\\spring-boot-starter-data-jpa-2.2.1.RELEASE.jar","sourceContainerUrl":"file:/C:/Users/b8ibmjava13/.m2/repository/org/springframework/boot/spring-boot-starter-data-jpa/2.2.1.RELEASE/spring-boot-starter-data-jpa-2.2.1.RELEASE-sources.jar","isSystem":false,"isOwn":false,"isTest":false,"isJavaContent":false},{"kind":"binary","path":"C:\\Users\\b8ibmjava13\\.m2\\repository\\org\\springframework\\boot\\spring-boot-starter-aop\\2.2.1.RELEASE\\spring-boot-starter-aop-2.2.1.RELEASE.jar","sourceContainerUrl":"file:/C:/Users/b8ibmjava13/.m2/repository/org/springframework/boot/spring-boot-starter-aop/2.2.1.RELEASE/spring-boot-starter-aop-2.2.1.RELEASE-sources.jar","isSystem":false,"isOwn":false,"isTest":false,"isJavaContent":false},{"kind":"binary","path":"C:\\Users\\b8ibmjava13\\.m2\\repository\\org\\springframework\\spring-aop\\5.2.1.RELEASE\\spring-aop-5.2.1.RELEASE.jar","sourceContainerUrl":"file:/C:/Users/b8ibmjava13/.m2/repository/org/springframework/spring-aop/5.2.1.RELEASE/spring-aop-5.2.1.RELEASE-sources.jar","javadocContainerUrl":"file:/C:/Users/b8ibmjava13/.m2/repository/org/springframework/spring-aop/5.2.1.RELEASE/spring-aop-5.2.1.RELEASE-javadoc.jar","isSystem":false,"isOwn":false,"isTest":false,"isJavaContent":false},{"kind":"binary","path":"C:\\Users\\b8ibmjava13\\.m2\\repository\\org\\aspectj\\aspectjweaver\\1.9.4\\aspectjweaver-1.9.4.jar","sourceContainerUrl":"file:/C:/Users/b8ibmjava13/.m2/repository/org/aspectj/aspectjweaver/1.9.4/aspectjweaver-1.9.4-sources.jar","javadocContainerUrl":"file:/C:/Users/b8ibmjava13/.m2/repository/org/aspectj/aspectjweaver/1.9.4/aspectjweaver-1.9.4-javadoc.jar","isSystem":false,"isOwn":false,"isTest":false,"isJavaContent":false},{"kind":"binary","path":"C:\\Users\\b8ibmjava13\\.m2\\repository\\org\\springframework\\boot\\spring-boot-starter-jdbc\\2.2.1.RELEASE\\spring-boot-starter-jdbc-2.2.1.RELEASE.jar","sourceContainerUrl":"file:/C:/Users/b8ibmjava13/.m2/repository/org/springframework/boot/spring-boot-starter-jdbc/2.2.1.RELEASE/spring-boot-starter-jdbc-2.2.1.RELEASE-sources.jar","isSystem":false,"isOwn":false,"isTest":false,"isJavaContent":false},{"kind":"binary","path":"C:\\Users\\b8ibmjava13\\.m2\\repository\\com\\zaxxer\\HikariCP\\3.4.1\\HikariCP-3.4.1.jar","sourceContainerUrl":"file:/C:/Users/b8ibmjava13/.m2/repository/com/zaxxer/HikariCP/3.4.1/HikariCP-3.4.1-sources.jar","javadocContainerUrl":"file:/C:/Users/b8ibmjava13/.m2/repository/com/zaxxer/HikariCP/3.4.1/HikariCP-3.4.1-javadoc.jar","isSystem":false,"isOwn":false,"isTest":false,"isJavaContent":false},{"kind":"binary","path":"C:\\Users\\b8ibmjava13\\.m2\\repository\\org\\springframework\\spring-jdbc\\5.2.1.RELEASE\\spring-jdbc-5.2.1.RELEASE.jar","sourceContainerUrl":"file:/C:/Users/b8ibmjava13/.m2/repository/org/springframework/spring-jdbc/5.2.1.RELEASE/spring-jdbc-5.2.1.RELEASE-sources.jar","javadocContainerUrl":"file:/C:/Users/b8ibmjava13/.m2/repository/org/springframework/spring-jdbc/5.2.1.RELEASE/spring-jdbc-5.2.1.RELEASE-javadoc.jar","isSystem":false,"isOwn":false,"isTest":false,"isJavaContent":false},{"kind":"binary","path":"C:\\Users\\b8ibmjava13\\.m2\\repository\\jakarta\\activation\\jakarta.activation-api\\1.2.1\\jakarta.activation-api-1.2.1.jar","sourceContainerUrl":"file:/C:/Users/b8ibmjava13/.m2/repository/jakarta/activation/jakarta.activation-api/1.2.1/jakarta.activation-api-1.2.1-sources.jar","javadocContainerUrl":"file:/C:/Users/b8ibmjava13/.m2/repository/jakarta/activation/jakarta.activation-api/1.2.1/jakarta.activation-api-1.2.1-javadoc.jar","isSystem":false,"isOwn":false,"isTest":false,"isJavaContent":false},{"kind":"binary","path":"C:\\Users\\b8ibmjava13\\.m2\\repository\\jakarta\\persistence\\jakarta.persistence-api\\2.2.3\\jakarta.persistence-api-2.2.3.jar","sourceContainerUrl":"file:/C:/Users/b8ibmjava13/.m2/repository/jakarta/persistence/jakarta.persistence-api/2.2.3/jakarta.persistence-api-2.2.3-sources.jar","javadocContainerUrl":"file:/C:/Users/b8ibmjava13/.m2/repository/jakarta/persistence/jakarta.persistence-api/2.2.3/jakarta.persistence-api-2.2.3-javadoc.jar","isSystem":false,"isOwn":false,"isTest":false,"isJavaContent":false},{"kind":"binary","path":"C:\\Users\\b8ibmjava13\\.m2\\repository\\jakarta\\transaction\\jakarta.transaction-api\\1.3.3\\jakarta.transaction-api-1.3.3.jar","sourceContainerUrl":"file:/C:/Users/b8ibmjava13/.m2/repository/jakarta/transaction/jakarta.transaction-api/1.3.3/jakarta.transaction-api-1.3.3-sources.jar","javadocContainerUrl":"file:/C:/Users/b8ibmjava13/.m2/repository/jakarta/transaction/jakarta.transaction-api/1.3.3/jakarta.transaction-api-1.3.3-javadoc.jar","isSystem":false,"isOwn":false,"isTest":false,"isJavaContent":false},{"kind":"binary","path":"C:\\Users\\b8ibmjava13\\.m2\\repository\\org\\hibernate\\hibernate-core\\5.4.8.Final\\hibernate-core-5.4.8.Final.jar","sourceContainerUrl":"file:/C:/Users/b8ibmjava13/.m2/repository/org/hibernate/hibernate-core/5.4.8.Final/hibernate-core-5.4.8.Final-sources.jar","javadocContainerUrl":"file:/C:/Users/b8ibmjava13/.m2/repository/org/hibernate/hibernate-core/5.4.8.Final/hibernate-core-5.4.8.Final-javadoc.jar","isSystem":false,"isOwn":false,"isTest":false,"isJavaContent":false},{"kind":"binary","path":"C:\\Users\\b8ibmjava13\\.m2\\repository\\org\\jboss\\logging\\jboss-logging\\3.4.1.Final\\jboss-logging-3.4.1.Final.jar","sourceContainerUrl":"file:/C:/Users/b8ibmjava13/.m2/repository/org/jboss/logging/jboss-logging/3.4.1.Final/jboss-logging-3.4.1.Final-sources.jar","javadocContainerUrl":"file:/C:/Users/b8ibmjava13/.m2/repository/org/jboss/logging/jboss-logging/3.4.1.Final/jboss-logging-3.4.1.Final-javadoc.jar","isSystem":false,"isOwn":false,"isTest":false,"isJavaContent":false},{"kind":"binary","path":"C:\\Users\\b8ibmjava13\\.m2\\repository\\org\\javassist\\javassist\\3.24.0-GA\\javassist-3.24.0-GA.jar","sourceContainerUrl":"file:/C:/Users/b8ibmjava13/.m2/repository/org/javassist/javassist/3.24.0-GA/javassist-3.24.0-GA-sources.jar","javadocContainerUrl":"file:/C:/Users/b8ibmjava13/.m2/repository/org/javassist/javassist/3.24.0-GA/javassist-3.24.0-GA-javadoc.jar","isSystem":false,"isOwn":false,"isTest":false,"isJavaContent":false},{"kind":"binary","path":"C:\\Users\\b8ibmjava13\\.m2\\repository\\net\\bytebuddy\\byte-buddy\\1.10.2\\byte-buddy-1.10.2.jar","sourceContainerUrl":"file:/C:/Users/b8ibmjava13/.m2/repository/net/bytebuddy/byte-buddy/1.10.2/byte-buddy-1.10.2-sources.jar","javadocContainerUrl":"file:/C:/Users/b8ibmjava13/.m2/repository/net/bytebuddy/byte-buddy/1.10.2/byte-buddy-1.10.2-javadoc.jar","isSystem":false,"isOwn":false,"isTest":false,"isJavaContent":false},{"kind":"binary","path":"C:\\Users\\b8ibmjava13\\.m2\\repository\\antlr\\antlr\\2.7.7\\antlr-2.7.7.jar","isSystem":false,"isOwn":false,"isTest":false,"isJavaContent":false},{"kind":"binary","path":"C:\\Users\\b8ibmjava13\\.m2\\repository\\org\\jboss\\jandex\\2.0.5.Final\\jandex-2.0.5.Final.jar","sourceContainerUrl":"file:/C:/Users/b8ibmjava13/.m2/repository/org/jboss/jandex/2.0.5.Final/jandex-2.0.5.Final-sources.jar","isSystem":false,"isOwn":false,"isTest":false,"isJavaContent":false},{"kind":"binary","path":"C:\\Users\\b8ibmjava13\\.m2\\repository\\com\\fasterxml\\classmate\\1.5.1\\classmate-1.5.1.jar","sourceContainerUrl":"file:/C:/Users/b8ibmjava13/.m2/repository/com/fasterxml/classmate/1.5.1/classmate-1.5.1-sources.jar","javadocContainerUrl":"file:/C:/Users/b8ibmjava13/.m2/repository/com/fasterxml/classmate/1.5.1/classmate-1.5.1-javadoc.jar","isSystem":false,"isOwn":false,"isTest":false,"isJavaContent":false},{"kind":"binary","path":"C:\\Users\\b8ibmjava13\\.m2\\repository\\org\\dom4j\\dom4j\\2.1.1\\dom4j-2.1.1.jar","sourceContainerUrl":"file:/C:/Users/b8ibmjava13/.m2/repository/org/dom4j/dom4j/2.1.1/dom4j-2.1.1-sources.jar","javadocContainerUrl":"file:/C:/Users/b8ibmjava13/.m2/repository/org/dom4j/dom4j/2.1.1/dom4j-2.1.1-javadoc.jar","isSystem":false,"isOwn":false,"isTest":false,"isJavaContent":false},{"kind":"binary","path":"C:\\Users\\b8ibmjava13\\.m2\\repository\\org\\hibernate\\common\\hibernate-commons-annotations\\5.1.0.Final\\hibernate-commons-annotations-5.1.0.Final.jar","sourceContainerUrl":"file:/C:/Users/b8ibmjava13/.m2/repository/org/hibernate/common/hibernate-commons-annotations/5.1.0.Final/hibernate-commons-annotations-5.1.0.Final-sources.jar","isSystem":false,"isOwn":false,"isTest":false,"isJavaContent":false},{"kind":"binary","path":"C:\\Users\\b8ibmjava13\\.m2\\repository\\org\\glassfish\\jaxb\\jaxb-runtime\\2.3.2\\jaxb-runtime-2.3.2.jar","sourceContainerUrl":"file:/C:/Users/b8ibmjava13/.m2/repository/org/glassfish/jaxb/jaxb-runtime/2.3.2/jaxb-runtime-2.3.2-sources.jar","javadocContainerUrl":"file:/C:/Users/b8ibmjava13/.m2/repository/org/glassfish/jaxb/jaxb-runtime/2.3.2/jaxb-runtime-2.3.2-javadoc.jar","isSystem":false,"isOwn":false,"isTest":false,"isJavaContent":false},{"kind":"binary","path":"C:\\Users\\b8ibmjava13\\.m2\\repository\\jakarta\\xml\\bind\\jakarta.xml.bind-api\\2.3.2\\jakarta.xml.bind-api-2.3.2.jar","sourceContainerUrl":"file:/C:/Users/b8ibmjava13/.m2/repository/jakarta/xml/bind/jakarta.xml.bind-api/2.3.2/jakarta.xml.bind-api-2.3.2-sources.jar","javadocContainerUrl":"file:/C:/Users/b8ibmjava13/.m2/repository/jakarta/xml/bind/jakarta.xml.bind-api/2.3.2/jakarta.xml.bind-api-2.3.2-javadoc.jar","isSystem":false,"isOwn":false,"isTest":false,"isJavaContent":false},{"kind":"binary","path":"C:\\Users\\b8ibmjava13\\.m2\\repository\\org\\glassfish\\jaxb\\txw2\\2.3.2\\txw2-2.3.2.jar","sourceContainerUrl":"file:/C:/Users/b8ibmjava13/.m2/repository/org/glassfish/jaxb/txw2/2.3.2/txw2-2.3.2-sources.jar","javadocContainerUrl":"file:/C:/Users/b8ibmjava13/.m2/repository/org/glassfish/jaxb/txw2/2.3.2/txw2-2.3.2-javadoc.jar","isSystem":false,"isOwn":false,"isTest":false,"isJavaContent":false},{"kind":"binary","path":"C:\\Users\\b8ibmjava13\\.m2\\repository\\com\\sun\\istack\\istack-commons-runtime\\3.0.8\\istack-commons-runtime-3.0.8.jar","sourceContainerUrl":"file:/C:/Users/b8ibmjava13/.m2/repository/com/sun/istack/istack-commons-runtime/3.0.8/istack-commons-runtime-3.0.8-sources.jar","javadocContainerUrl":"file:/C:/Users/b8ibmjava13/.m2/repository/com/sun/istack/istack-commons-runtime/3.0.8/istack-commons-runtime-3.0.8-javadoc.jar","isSystem":false,"isOwn":false,"isTest":false,"isJavaContent":false},{"kind":"binary","path":"C:\\Users\\b8ibmjava13\\.m2\\repository\\org\\jvnet\\staxex\\stax-ex\\1.8.1\\stax-ex-1.8.1.jar","sourceContainerUrl":"file:/C:/Users/b8ibmjava13/.m2/repository/org/jvnet/staxex/stax-ex/1.8.1/stax-ex-1.8.1-sources.jar","javadocContainerUrl":"file:/C:/Users/b8ibmjava13/.m2/repository/org/jvnet/staxex/stax-ex/1.8.1/stax-ex-1.8.1-javadoc.jar","isSystem":false,"isOwn":false,"isTest":false,"isJavaContent":false},{"kind":"binary","path":"C:\\Users\\b8ibmjava13\\.m2\\repository\\com\\sun\\xml\\fastinfoset\\FastInfoset\\1.2.16\\FastInfoset-1.2.16.jar","sourceContainerUrl":"file:/C:/Users/b8ibmjava13/.m2/repository/com/sun/xml/fastinfoset/FastInfoset/1.2.16/FastInfoset-1.2.16-sources.jar","javadocContainerUrl":"file:/C:/Users/b8ibmjava13/.m2/repository/com/sun/xml/fastinfoset/FastInfoset/1.2.16/FastInfoset-1.2.16-javadoc.jar","isSystem":false,"isOwn":false,"isTest":false,"isJavaContent":false},{"kind":"binary","path":"C:\\Users\\b8ibmjava13\\.m2\\repository\\org\\springframework\\data\\spring-data-jpa\\2.2.1.RELEASE\\spring-data-jpa-2.2.1.RELEASE.jar","sourceContainerUrl":"file:/C:/Users/b8ibmjava13/.m2/repository/org/springframework/data/spring-data-jpa/2.2.1.RELEASE/spring-data-jpa-2.2.1.RELEASE-sources.jar","javadocContainerUrl":"file:/C:/Users/b8ibmjava13/.m2/repository/org/springframework/data/spring-data-jpa/2.2.1.RELEASE/spring-data-jpa-2.2.1.RELEASE-javadoc.jar","isSystem":false,"isOwn":false,"isTest":false,"isJavaContent":false},{"kind":"binary","path":"C:\\Users\\b8ibmjava13\\.m2\\repository\\org\\springframework\\data\\spring-data-commons\\2.2.1.RELEASE\\spring-data-commons-2.2.1.RELEASE.jar","sourceContainerUrl":"file:/C:/Users/b8ibmjava13/.m2/repository/org/springframework/data/spring-data-commons/2.2.1.RELEASE/spring-data-commons-2.2.1.RELEASE-sources.jar","javadocContainerUrl":"file:/C:/Users/b8ibmjava13/.m2/repository/org/springframework/data/spring-data-commons/2.2.1.RELEASE/spring-data-commons-2.2.1.RELEASE-javadoc.jar","isSystem":false,"isOwn":false,"isTest":false,"isJavaContent":false},{"kind":"binary","path":"C:\\Users\\b8ibmjava13\\.m2\\repository\\org\\springframework\\spring-orm\\5.2.1.RELEASE\\spring-orm-5.2.1.RELEASE.jar","sourceContainerUrl":"file:/C:/Users/b8ibmjava13/.m2/repository/org/springframework/spring-orm/5.2.1.RELEASE/spring-orm-5.2.1.RELEASE-sources.jar","javadocContainerUrl":"file:/C:/Users/b8ibmjava13/.m2/repository/org/springframework/spring-orm/5.2.1.RELEASE/spring-orm-5.2.1.RELEASE-javadoc.jar","isSystem":false,"isOwn":false,"isTest":false,"isJavaContent":false},{"kind":"binary","path":"C:\\Users\\b8ibmjava13\\.m2\\repository\\org\\springframework\\spring-context\\5.2.1.RELEASE\\spring-context-5.2.1.RELEASE.jar","sourceContainerUrl":"file:/C:/Users/b8ibmjava13/.m2/repository/org/springframework/spring-context/5.2.1.RELEASE/spring-context-5.2.1.RELEASE-sources.jar","javadocContainerUrl":"file:/C:/Users/b8ibmjava13/.m2/repository/org/springframework/spring-context/5.2.1.RELEASE/spring-context-5.2.1.RELEASE-javadoc.jar","isSystem":false,"isOwn":false,"isTest":false,"isJavaContent":false},{"kind":"binary","path":"C:\\Users\\b8ibmjava13\\.m2\\repository\\org\\springframework\\spring-tx\\5.2.1.RELEASE\\spring-tx-5.2.1.RELEASE.jar","sourceContainerUrl":"file:/C:/Users/b8ibmjava13/.m2/repository/org/springframework/spring-tx/5.2.1.RELEASE/spring-tx-5.2.1.RELEASE-sources.jar","javadocContainerUrl":"file:/C:/Users/b8ibmjava13/.m2/repository/org/springframework/spring-tx/5.2.1.RELEASE/spring-tx-5.2.1.RELEASE-javadoc.jar","isSystem":false,"isOwn":false,"isTest":false,"isJavaContent":false},{"kind":"binary","path":"C:\\Users\\b8ibmjava13\\.m2\\repository\\org\\springframework\\spring-beans\\5.2.1.RELEASE\\spring-beans-5.2.1.RELEASE.jar","sourceContainerUrl":"file:/C:/Users/b8ibmjava13/.m2/repository/org/springframework/spring-beans/5.2.1.RELEASE/spring-beans-5.2.1.RELEASE-sources.jar","javadocContainerUrl":"file:/C:/Users/b8ibmjava13/.m2/repository/org/springframework/spring-beans/5.2.1.RELEASE/spring-beans-5.2.1.RELEASE-javadoc.jar","isSystem":false,"isOwn":false,"isTest":false,"isJavaContent":false},{"kind":"binary","path":"C:\\Users\\b8ibmjava13\\.m2\\repository\\org\\springframework\\spring-core\\5.2.1.RELEASE\\spring-core-5.2.1.RELEASE.jar","sourceContainerUrl":"file:/C:/Users/b8ibmjava13/.m2/repository/org/springframework/spring-core/5.2.1.RELEASE/spring-core-5.2.1.RELEASE-sources.jar","javadocContainerUrl":"file:/C:/Users/b8ibmjava13/.m2/repository/org/springframework/spring-core/5.2.1.RELEASE/spring-core-5.2.1.RELEASE-javadoc.jar","isSystem":false,"isOwn":false,"isTest":false,"isJavaContent":false},{"kind":"binary","path":"C:\\Users\\b8ibmjava13\\.m2\\repository\\org\\springframework\\spring-jcl\\5.2.1.RELEASE\\spring-jcl-5.2.1.RELEASE.jar","sourceContainerUrl":"file:/C:/Users/b8ibmjava13/.m2/repository/org/springframework/spring-jcl/5.2.1.RELEASE/spring-jcl-5.2.1.RELEASE-sources.jar","javadocContainerUrl":"file:/C:/Users/b8ibmjava13/.m2/repository/org/springframework/spring-jcl/5.2.1.RELEASE/spring-jcl-5.2.1.RELEASE-javadoc.jar","isSystem":false,"isOwn":false,"isTest":false,"isJavaContent":false},{"kind":"binary","path":"C:\\Users\\b8ibmjava13\\.m2\\repository\\org\\slf4j\\slf4j-api\\1.7.29\\slf4j-api-1.7.29.jar","sourceContainerUrl":"file:/C:/Users/b8ibmjava13/.m2/repository/org/slf4j/slf4j-api/1.7.29/slf4j-api-1.7.29-sources.jar","javadocContainerUrl":"file:/C:/Users/b8ibmjava13/.m2/repository/org/slf4j/slf4j-api/1.7.29/slf4j-api-1.7.29-javadoc.jar","isSystem":false,"isOwn":false,"isTest":false,"isJavaContent":false},{"kind":"binary","path":"C:\\Users\\b8ibmjava13\\.m2\\repository\\org\\springframework\\spring-aspects\\5.2.1.RELEASE\\spring-aspects-5.2.1.RELEASE.jar","sourceContainerUrl":"file:/C:/Users/b8ibmjava13/.m2/repository/org/springframework/spring-aspects/5.2.1.RELEASE/spring-aspects-5.2.1.RELEASE-sources.jar","javadocContainerUrl":"file:/C:/Users/b8ibmjava13/.m2/repository/org/springframework/spring-aspects/5.2.1.RELEASE/spring-aspects-5.2.1.RELEASE-javadoc.jar","isSystem":false,"isOwn":false,"isTest":false,"isJavaContent":false},{"kind":"binary","path":"C:\\Users\\b8ibmjava13\\.m2\\repository\\org\\springframework\\boot\\spring-boot-starter-web\\2.2.1.RELEASE\\spring-boot-starter-web-2.2.1.RELEASE.jar","sourceContainerUrl":"file:/C:/Users/b8ibmjava13/.m2/repository/org/springframework/boot/spring-boot-starter-web/2.2.1.RELEASE/spring-boot-starter-web-2.2.1.RELEASE-sources.jar","isSystem":false,"isOwn":false,"isTest":false,"isJavaContent":false},{"kind":"binary","path":"C:\\Users\\b8ibmjava13\\.m2\\repository\\org\\springframework\\boot\\spring-boot-starter\\2.2.1.RELEASE\\spring-boot-starter-2.2.1.RELEASE.jar","sourceContainerUrl":"file:/C:/Users/b8ibmjava13/.m2/repository/org/springframework/boot/spring-boot-starter/2.2.1.RELEASE/spring-boot-starter-2.2.1.RELEASE-sources.jar","isSystem":false,"isOwn":false,"isTest":false,"isJavaContent":false},{"kind":"binary","path":"C:\\Users\\b8ibmjava13\\.m2\\repository\\org\\springframework\\boot\\spring-boot\\2.2.1.RELEASE\\spring-boot-2.2.1.RELEASE.jar","sourceContainerUrl":"file:/C:/Users/b8ibmjava13/.m2/repository/org/springframework/boot/spring-boot/2.2.1.RELEASE/spring-boot-2.2.1.RELEASE-sources.jar","javadocContainerUrl":"file:/C:/Users/b8ibmjava13/.m2/repository/org/springframework/boot/spring-boot/2.2.1.RELEASE/spring-boot-2.2.1.RELEASE-javadoc.jar","isSystem":false,"isOwn":false,"isTest":false,"isJavaContent":false},{"kind":"binary","path":"C:\\Users\\b8ibmjava13\\.m2\\repository\\org\\springframework\\boot\\spring-boot-autoconfigure\\2.2.1.RELEASE\\spring-boot-autoconfigure-2.2.1.RELEASE.jar","sourceContainerUrl":"file:/C:/Users/b8ibmjava13/.m2/repository/org/springframework/boot/spring-boot-autoconfigure/2.2.1.RELEASE/spring-boot-autoconfigure-2.2.1.RELEASE-sources.jar","javadocContainerUrl":"file:/C:/Users/b8ibmjava13/.m2/repository/org/springframework/boot/spring-boot-autoconfigure/2.2.1.RELEASE/spring-boot-autoconfigure-2.2.1.RELEASE-javadoc.jar","isSystem":false,"isOwn":false,"isTest":false,"isJavaContent":false},{"kind":"binary","path":"C:\\Users\\b8ibmjava13\\.m2\\repository\\org\\springframework\\boot\\spring-boot-starter-logging\\2.2.1.RELEASE\\spring-boot-starter-logging-2.2.1.RELEASE.jar","sourceContainerUrl":"file:/C:/Users/b8ibmjava13/.m2/repository/org/springframework/boot/spring-boot-starter-logging/2.2.1.RELEASE/spring-boot-starter-logging-2.2.1.RELEASE-sources.jar","isSystem":false,"isOwn":false,"isTest":false,"isJavaContent":false},{"kind":"binary","path":"C:\\Users\\b8ibmjava13\\.m2\\repository\\ch\\qos\\logback\\logback-classic\\1.2.3\\logback-classic-1.2.3.jar","sourceContainerUrl":"file:/C:/Users/b8ibmjava13/.m2/repository/ch/qos/logback/logback-classic/1.2.3/logback-classic-1.2.3-sources.jar","javadocContainerUrl":"file:/C:/Users/b8ibmjava13/.m2/repository/ch/qos/logback/logback-classic/1.2.3/logback-classic-1.2.3-javadoc.jar","isSystem":false,"isOwn":false,"isTest":false,"isJavaContent":false},{"kind":"binary","path":"C:\\Users\\b8ibmjava13\\.m2\\repository\\ch\\qos\\logback\\logback-core\\1.2.3\\logback-core-1.2.3.jar","sourceContainerUrl":"file:/C:/Users/b8ibmjava13/.m2/repository/ch/qos/logback/logback-core/1.2.3/logback-core-1.2.3-sources.jar","javadocContainerUrl":"file:/C:/Users/b8ibmjava13/.m2/repository/ch/qos/logback/logback-core/1.2.3/logback-core-1.2.3-javadoc.jar","isSystem":false,"isOwn":false,"isTest":false,"isJavaContent":false},{"kind":"binary","path":"C:\\Users\\b8ibmjava13\\.m2\\repository\\org\\apache\\logging\\log4j\\log4j-to-slf4j\\2.12.1\\log4j-to-slf4j-2.12.1.jar","sourceContainerUrl":"file:/C:/Users/b8ibmjava13/.m2/repository/org/apache/logging/log4j/log4j-to-slf4j/2.12.1/log4j-to-slf4j-2.12.1-sources.jar","javadocContainerUrl":"file:/C:/Users/b8ibmjava13/.m2/repository/org/apache/logging/log4j/log4j-to-slf4j/2.12.1/log4j-to-slf4j-2.12.1-javadoc.jar","isSystem":false,"isOwn":false,"isTest":false,"isJavaContent":false},{"kind":"binary","path":"C:\\Users\\b8ibmjava13\\.m2\\repository\\org\\apache\\logging\\log4j\\log4j-api\\2.12.1\\log4j-api-2.12.1.jar","sourceContainerUrl":"file:/C:/Users/b8ibmjava13/.m2/repository/org/apache/logging/log4j/log4j-api/2.12.1/log4j-api-2.12.1-sources.jar","javadocContainerUrl":"file:/C:/Users/b8ibmjava13/.m2/repository/org/apache/logging/log4j/log4j-api/2.12.1/log4j-api-2.12.1-javadoc.jar","isSystem":false,"isOwn":false,"isTest":false,"isJavaContent":false},{"kind":"binary","path":"C:\\Users\\b8ibmjava13\\.m2\\repository\\org\\slf4j\\jul-to-slf4j\\1.7.29\\jul-to-slf4j-1.7.29.jar","sourceContainerUrl":"file:/C:/Users/b8ibmjava13/.m2/repository/org/slf4j/jul-to-slf4j/1.7.29/jul-to-slf4j-1.7.29-sources.jar","javadocContainerUrl":"file:/C:/Users/b8ibmjava13/.m2/repository/org/slf4j/jul-to-slf4j/1.7.29/jul-to-slf4j-1.7.29-javadoc.jar","isSystem":false,"isOwn":false,"isTest":false,"isJavaContent":false},{"kind":"binary","path":"C:\\Users\\b8ibmjava13\\.m2\\repository\\jakarta\\annotation\\jakarta.annotation-api\\1.3.5\\jakarta.annotation-api-1.3.5.jar","sourceContainerUrl":"file:/C:/Users/b8ibmjava13/.m2/repository/jakarta/annotation/jakarta.annotation-api/1.3.5/jakarta.annotation-api-1.3.5-sources.jar","javadocContainerUrl":"file:/C:/Users/b8ibmjava13/.m2/repository/jakarta/annotation/jakarta.annotation-api/1.3.5/jakarta.annotation-api-1.3.5-javadoc.jar","isSystem":false,"isOwn":false,"isTest":false,"isJavaContent":false},{"kind":"binary","path":"C:\\Users\\b8ibmjava13\\.m2\\repository\\org\\yaml\\snakeyaml\\1.25\\snakeyaml-1.25.jar","sourceContainerUrl":"file:/C:/Users/b8ibmjava13/.m2/repository/org/yaml/snakeyaml/1.25/snakeyaml-1.25-sources.jar","javadocContainerUrl":"file:/C:/Users/b8ibmjava13/.m2/repository/org/yaml/snakeyaml/1.25/snakeyaml-1.25-javadoc.jar","isSystem":false,"isOwn":false,"isTest":false,"isJavaContent":false},{"kind":"binary","path":"C:\\Users\\b8ibmjava13\\.m2\\repository\\org\\springframework\\boot\\spring-boot-starter-json\\2.2.1.RELEASE\\spring-boot-starter-json-2.2.1.RELEASE.jar","sourceContainerUrl":"file:/C:/Users/b8ibmjava13/.m2/repository/org/springframework/boot/spring-boot-starter-json/2.2.1.RELEASE/spring-boot-starter-json-2.2.1.RELEASE-sources.jar","isSystem":false,"isOwn":false,"isTest":false,"isJavaContent":false},{"kind":"binary","path":"C:\\Users\\b8ibmjava13\\.m2\\repository\\com\\fasterxml\\jackson\\core\\jackson-databind\\2.10.0\\jackson-databind-2.10.0.jar","sourceContainerUrl":"file:/C:/Users/b8ibmjava13/.m2/repository/com/fasterxml/jackson/core/jackson-databind/2.10.0/jackson-databind-2.10.0-sources.jar","javadocContainerUrl":"file:/C:/Users/b8ibmjava13/.m2/repository/com/fasterxml/jackson/core/jackson-databind/2.10.0/jackson-databind-2.10.0-javadoc.jar","isSystem":false,"isOwn":false,"isTest":false,"isJavaContent":false},{"kind":"binary","path":"C:\\Users\\b8ibmjava13\\.m2\\repository\\com\\fasterxml\\jackson\\core\\jackson-annotations\\2.10.0\\jackson-annotations-2.10.0.jar","sourceContainerUrl":"file:/C:/Users/b8ibmjava13/.m2/repository/com/fasterxml/jackson/core/jackson-annotations/2.10.0/jackson-annotations-2.10.0-sources.jar","javadocContainerUrl":"file:/C:/Users/b8ibmjava13/.m2/repository/com/fasterxml/jackson/core/jackson-annotations/2.10.0/jackson-annotations-2.10.0-javadoc.jar","isSystem":false,"isOwn":false,"isTest":false,"isJavaContent":false},{"kind":"binary","path":"C:\\Users\\b8ibmjava13\\.m2\\repository\\com\\fasterxml\\jackson\\core\\jackson-core\\2.10.0\\jackson-core-2.10.0.jar","sourceContainerUrl":"file:/C:/Users/b8ibmjava13/.m2/repository/com/fasterxml/jackson/core/jackson-core/2.10.0/jackson-core-2.10.0-sources.jar","javadocContainerUrl":"file:/C:/Users/b8ibmjava13/.m2/repository/com/fasterxml/jackson/core/jackson-core/2.10.0/jackson-core-2.10.0-javadoc.jar","isSystem":false,"isOwn":false,"isTest":false,"isJavaContent":false},{"kind":"binary","path":"C:\\Users\\b8ibmjava13\\.m2\\repository\\com\\fasterxml\\jackson\\datatype\\jackson-datatype-jdk8\\2.10.0\\jackson-datatype-jdk8-2.10.0.jar","sourceContainerUrl":"file:/C:/Users/b8ibmjava13/.m2/repository/com/fasterxml/jackson/datatype/jackson-datatype-jdk8/2.10.0/jackson-datatype-jdk8-2.10.0-sources.jar","javadocContainerUrl":"file:/C:/Users/b8ibmjava13/.m2/repository/com/fasterxml/jackson/datatype/jackson-datatype-jdk8/2.10.0/jackson-datatype-jdk8-2.10.0-javadoc.jar","isSystem":false,"isOwn":false,"isTest":false,"isJavaContent":false},{"kind":"binary","path":"C:\\Users\\b8ibmjava13\\.m2\\repository\\com\\fasterxml\\jackson\\datatype\\jackson-datatype-jsr310\\2.10.0\\jackson-datatype-jsr310-2.10.0.jar","sourceContainerUrl":"file:/C:/Users/b8ibmjava13/.m2/repository/com/fasterxml/jackson/datatype/jackson-datatype-jsr310/2.10.0/jackson-datatype-jsr310-2.10.0-sources.jar","javadocContainerUrl":"file:/C:/Users/b8ibmjava13/.m2/repository/com/fasterxml/jackson/datatype/jackson-datatype-jsr310/2.10.0/jackson-datatype-jsr310-2.10.0-javadoc.jar","isSystem":false,"isOwn":false,"isTest":false,"isJavaContent":false},{"kind":"binary","path":"C:\\Users\\b8ibmjava13\\.m2\\repository\\com\\fasterxml\\jackson\\module\\jackson-module-parameter-names\\2.10.0\\jackson-module-parameter-names-2.10.0.jar","sourceContainerUrl":"file:/C:/Users/b8ibmjava13/.m2/repository/com/fasterxml/jackson/module/jackson-module-parameter-names/2.10.0/jackson-module-parameter-names-2.10.0-sources.jar","javadocContainerUrl":"file:/C:/Users/b8ibmjava13/.m2/repository/com/fasterxml/jackson/module/jackson-module-parameter-names/2.10.0/jackson-module-parameter-names-2.10.0-javadoc.jar","isSystem":false,"isOwn":false,"isTest":false,"isJavaContent":false},{"kind":"binary","path":"C:\\Users\\b8ibmjava13\\.m2\\repository\\org\\springframework\\boot\\spring-boot-starter-tomcat\\2.2.1.RELEASE\\spring-boot-starter-tomcat-2.2.1.RELEASE.jar","sourceContainerUrl":"file:/C:/Users/b8ibmjava13/.m2/repository/org/springframework/boot/spring-boot-starter-tomcat/2.2.1.RELEASE/spring-boot-starter-tomcat-2.2.1.RELEASE-sources.jar","isSystem":false,"isOwn":false,"isTest":false,"isJavaContent":false},{"kind":"binary","path":"C:\\Users\\b8ibmjava13\\.m2\\repository\\org\\apache\\tomcat\\embed\\tomcat-embed-core\\9.0.27\\tomcat-embed-core-9.0.27.jar","sourceContainerUrl":"file:/C:/Users/b8ibmjava13/.m2/repository/org/apache/tomcat/embed/tomcat-embed-core/9.0.27/tomcat-embed-core-9.0.27-sources.jar","isSystem":false,"isOwn":false,"isTest":false,"isJavaContent":false},{"kind":"binary","path":"C:\\Users\\b8ibmjava13\\.m2\\repository\\org\\apache\\tomcat\\embed\\tomcat-embed-el\\9.0.27\\tomcat-embed-el-9.0.27.jar","sourceContainerUrl":"file:/C:/Users/b8ibmjava13/.m2/repository/org/apache/tomcat/embed/tomcat-embed-el/9.0.27/tomcat-embed-el-9.0.27-sources.jar","isSystem":false,"isOwn":false,"isTest":false,"isJavaContent":false},{"kind":"binary","path":"C:\\Users\\b8ibmjava13\\.m2\\repository\\org\\apache\\tomcat\\embed\\tomcat-embed-websocket\\9.0.27\\tomcat-embed-websocket-9.0.27.jar","sourceContainerUrl":"file:/C:/Users/b8ibmjava13/.m2/repository/org/apache/tomcat/embed/tomcat-embed-websocket/9.0.27/tomcat-embed-websocket-9.0.27-sources.jar","isSystem":false,"isOwn":false,"isTest":false,"isJavaContent":false},{"kind":"binary","path":"C:\\Users\\b8ibmjava13\\.m2\\repository\\org\\springframework\\boot\\spring-boot-starter-validation\\2.2.1.RELEASE\\spring-boot-starter-validation-2.2.1.RELEASE.jar","sourceContainerUrl":"file:/C:/Users/b8ibmjava13/.m2/repository/org/springframework/boot/spring-boot-starter-validation/2.2.1.RELEASE/spring-boot-starter-validation-2.2.1.RELEASE-sources.jar","isSystem":false,"isOwn":false,"isTest":false,"isJavaContent":false},{"kind":"binary","path":"C:\\Users\\b8ibmjava13\\.m2\\repository\\jakarta\\validation\\jakarta.validation-api\\2.0.1\\jakarta.validation-api-2.0.1.jar","sourceContainerUrl":"file:/C:/Users/b8ibmjava13/.m2/repository/jakarta/validation/jakarta.validation-api/2.0.1/jakarta.validation-api-2.0.1-sources.jar","javadocContainerUrl":"file:/C:/Users/b8ibmjava13/.m2/repository/jakarta/validation/jakarta.validation-api/2.0.1/jakarta.validation-api-2.0.1-javadoc.jar","isSystem":false,"isOwn":false,"isTest":false,"isJavaContent":false},{"kind":"binary","path":"C:\\Users\\b8ibmjava13\\.m2\\repository\\org\\hibernate\\validator\\hibernate-validator\\6.0.18.Final\\hibernate-validator-6.0.18.Final.jar","sourceContainerUrl":"file:/C:/Users/b8ibmjava13/.m2/repository/org/hibernate/validator/hibernate-validator/6.0.18.Final/hibernate-validator-6.0.18.Final-sources.jar","isSystem":false,"isOwn":false,"isTest":false,"isJavaContent":false},{"kind":"binary","path":"C:\\Users\\b8ibmjava13\\.m2\\repository\\org\\springframework\\spring-web\\5.2.1.RELEASE\\spring-web-5.2.1.RELEASE.jar","sourceContainerUrl":"file:/C:/Users/b8ibmjava13/.m2/repository/org/springframework/spring-web/5.2.1.RELEASE/spring-web-5.2.1.RELEASE-sources.jar","javadocContainerUrl":"file:/C:/Users/b8ibmjava13/.m2/repository/org/springframework/spring-web/5.2.1.RELEASE/spring-web-5.2.1.RELEASE-javadoc.jar","isSystem":false,"isOwn":false,"isTest":false,"isJavaContent":false},{"kind":"binary","path":"C:\\Users\\b8ibmjava13\\.m2\\repository\\org\\springframework\\spring-webmvc\\5.2.1.RELEASE\\spring-webmvc-5.2.1.RELEASE.jar","sourceContainerUrl":"file:/C:/Users/b8ibmjava13/.m2/repository/org/springframework/spring-webmvc/5.2.1.RELEASE/spring-webmvc-5.2.1.RELEASE-sources.jar","javadocContainerUrl":"file:/C:/Users/b8ibmjava13/.m2/repository/org/springframework/spring-webmvc/5.2.1.RELEASE/spring-webmvc-5.2.1.RELEASE-javadoc.jar","isSystem":false,"isOwn":false,"isTest":false,"isJavaContent":false},{"kind":"binary","path":"C:\\Users\\b8ibmjava13\\.m2\\repository\\org\\springframework\\spring-expression\\5.2.1.RELEASE\\spring-expression-5.2.1.RELEASE.jar","sourceContainerUrl":"file:/C:/Users/b8ibmjava13/.m2/repository/org/springframework/spring-expression/5.2.1.RELEASE/spring-expression-5.2.1.RELEASE-sources.jar","javadocContainerUrl":"file:/C:/Users/b8ibmjava13/.m2/repository/org/springframework/spring-expression/5.2.1.RELEASE/spring-expression-5.2.1.RELEASE-javadoc.jar","isSystem":false,"isOwn":false,"isTest":false,"isJavaContent":false},{"kind":"binary","path":"C:\\Users\\b8ibmjava13\\.m2\\repository\\mysql\\mysql-connector-java\\5.1.6\\mysql-connector-java-5.1.6.jar","isSystem":false,"isOwn":false,"isTest":false,"isJavaContent":false},{"kind":"source","path":"C:\\Users\\b8ibmjava13\\fin\\backend-master\\z-payment\\src\\main\\java","outputFolder":"C:\\Users\\b8ibmjava13\\fin\\backend-master\\z-payment\\target\\classes","javadocContainerUrl":"file:/C:/Users/b8ibmjava13/fin/backend-master/z-payment/target/site/apidocs","isSystem":false,"isOwn":true,"isTest":false,"isJavaContent":true},{"kind":"source","path":"C:\\Users\\b8ibmjava13\\fin\\backend-master\\z-payment\\src\\test\\java","outputFolder":"C:\\Users\\b8ibmjava13\\fin\\backend-master\\z-payment\\target\\test-classes","javadocContainerUrl":"file:/C:/Users/b8ibmjava13/fin/backend-master/z-payment/target/site/apidocs","isSystem":false,"isOwn":true,"isTest":true,"isJavaContent":true},{"kind":"source","path":"C:\\Users\\b8ibmjava13\\fin\\backend-master\\z-payment\\src\\main\\resources","outputFolder":"C:\\Users\\b8ibmjava13\\fin\\backend-master\\z-payment\\target\\classes","isSystem":false,"isOwn":true,"isTest":false,"isJavaContent":false},{"kind":"source","path":"C:\\Users\\b8ibmjava13\\fin\\backend-master\\z-payment\\src\\test\\resources","outputFolder":"C:\\Users\\b8ibmjava13\\fin\\backend-master\\z-payment\\target\\test-classes","isSystem":false,"isOwn":true,"isTest":true,"isJavaContent":false},{"kind":"source","path":"C:\\Users\\b8ibmjava13\\fin\\backend-master\\z-payment\\src\\test\\java","outputFolder":"C:\\Users\\b8ibmjava13\\fin\\backend-master\\z-payment\\target\\test-classes","javadocContainerUrl":"file:/C:/Users/b8ibmjava13/fin/backend-master/z-payment/target/site/apidocs","isSystem":false,"isOwn":true,"isTest":false,"isJavaContent":false}]}