{"name":"demo_microservice_demospring-config-server","classpathEntries":[{"kind":"binary","path":"C:\\Program Files\\Java\\jdk1.8.0_191\\jre\\lib\\resources.jar","javadocContainerUrl":"https://docs.oracle.com/javase/1/docs/api/","isSystem":true,"isOwn":false,"isTest":false,"isJavaContent":false},{"kind":"binary","path":"C:\\Program Files\\Java\\jdk1.8.0_191\\jre\\lib\\rt.jar","javadocContainerUrl":"https://docs.oracle.com/javase/1/docs/api/","isSystem":true,"isOwn":false,"isTest":false,"isJavaContent":false},{"kind":"binary","path":"C:\\Program Files\\Java\\jdk1.8.0_191\\jre\\lib\\jsse.jar","javadocContainerUrl":"https://docs.oracle.com/javase/1/docs/api/","isSystem":true,"isOwn":false,"isTest":false,"isJavaContent":false},{"kind":"binary","path":"C:\\Program Files\\Java\\jdk1.8.0_191\\jre\\lib\\jce.jar","javadocContainerUrl":"https://docs.oracle.com/javase/1/docs/api/","isSystem":true,"isOwn":false,"isTest":false,"isJavaContent":false},{"kind":"binary","path":"C:\\Program Files\\Java\\jdk1.8.0_191\\jre\\lib\\charsets.jar","javadocContainerUrl":"https://docs.oracle.com/javase/1/docs/api/","isSystem":true,"isOwn":false,"isTest":false,"isJavaContent":false},{"kind":"binary","path":"C:\\Program Files\\Java\\jdk1.8.0_191\\jre\\lib\\jfr.jar","javadocContainerUrl":"https://docs.oracle.com/javase/1/docs/api/","isSystem":true,"isOwn":false,"isTest":false,"isJavaContent":false},{"kind":"binary","path":"C:\\Users\\b8ibmjava13\\.m2\\repository\\org\\springframework\\boot\\spring-boot-starter-actuator\\2.1.10.RELEASE\\spring-boot-starter-actuator-2.1.10.RELEASE.jar","sourceContainerUrl":"file:/C:/Users/b8ibmjava13/.m2/repository/org/springframework/boot/spring-boot-starter-actuator/2.1.10.RELEASE/spring-boot-starter-actuator-2.1.10.RELEASE-sources.jar","isSystem":false,"isOwn":false,"isTest":false,"isJavaContent":false},{"kind":"binary","path":"C:\\Users\\b8ibmjava13\\.m2\\repository\\org\\springframework\\boot\\spring-boot-starter\\2.1.10.RELEASE\\spring-boot-starter-2.1.10.RELEASE.jar","sourceContainerUrl":"file:/C:/Users/b8ibmjava13/.m2/repository/org/springframework/boot/spring-boot-starter/2.1.10.RELEASE/spring-boot-starter-2.1.10.RELEASE-sources.jar","isSystem":false,"isOwn":false,"isTest":false,"isJavaContent":false},{"kind":"binary","path":"C:\\Users\\b8ibmjava13\\.m2\\repository\\org\\springframework\\boot\\spring-boot-starter-logging\\2.1.10.RELEASE\\spring-boot-starter-logging-2.1.10.RELEASE.jar","sourceContainerUrl":"file:/C:/Users/b8ibmjava13/.m2/repository/org/springframework/boot/spring-boot-starter-logging/2.1.10.RELEASE/spring-boot-starter-logging-2.1.10.RELEASE-sources.jar","isSystem":false,"isOwn":false,"isTest":false,"isJavaContent":false},{"kind":"binary","path":"C:\\Users\\b8ibmjava13\\.m2\\repository\\ch\\qos\\logback\\logback-classic\\1.2.3\\logback-classic-1.2.3.jar","sourceContainerUrl":"file:/C:/Users/b8ibmjava13/.m2/repository/ch/qos/logback/logback-classic/1.2.3/logback-classic-1.2.3-sources.jar","javadocContainerUrl":"file:/C:/Users/b8ibmjava13/.m2/repository/ch/qos/logback/logback-classic/1.2.3/logback-classic-1.2.3-javadoc.jar","isSystem":false,"isOwn":false,"isTest":false,"isJavaContent":false},{"kind":"binary","path":"C:\\Users\\b8ibmjava13\\.m2\\repository\\ch\\qos\\logback\\logback-core\\1.2.3\\logback-core-1.2.3.jar","sourceContainerUrl":"file:/C:/Users/b8ibmjava13/.m2/repository/ch/qos/logback/logback-core/1.2.3/logback-core-1.2.3-sources.jar","javadocContainerUrl":"file:/C:/Users/b8ibmjava13/.m2/repository/ch/qos/logback/logback-core/1.2.3/logback-core-1.2.3-javadoc.jar","isSystem":false,"isOwn":false,"isTest":false,"isJavaContent":false},{"kind":"binary","path":"C:\\Users\\b8ibmjava13\\.m2\\repository\\org\\apache\\logging\\log4j\\log4j-to-slf4j\\2.11.2\\log4j-to-slf4j-2.11.2.jar","sourceContainerUrl":"file:/C:/Users/b8ibmjava13/.m2/repository/org/apache/logging/log4j/log4j-to-slf4j/2.11.2/log4j-to-slf4j-2.11.2-sources.jar","javadocContainerUrl":"file:/C:/Users/b8ibmjava13/.m2/repository/org/apache/logging/log4j/log4j-to-slf4j/2.11.2/log4j-to-slf4j-2.11.2-javadoc.jar","isSystem":false,"isOwn":false,"isTest":false,"isJavaContent":false},{"kind":"binary","path":"C:\\Users\\b8ibmjava13\\.m2\\repository\\org\\apache\\logging\\log4j\\log4j-api\\2.11.2\\log4j-api-2.11.2.jar","sourceContainerUrl":"file:/C:/Users/b8ibmjava13/.m2/repository/org/apache/logging/log4j/log4j-api/2.11.2/log4j-api-2.11.2-sources.jar","javadocContainerUrl":"file:/C:/Users/b8ibmjava13/.m2/repository/org/apache/logging/log4j/log4j-api/2.11.2/log4j-api-2.11.2-javadoc.jar","isSystem":false,"isOwn":false,"isTest":false,"isJavaContent":false},{"kind":"binary","path":"C:\\Users\\b8ibmjava13\\.m2\\repository\\org\\slf4j\\jul-to-slf4j\\1.7.29\\jul-to-slf4j-1.7.29.jar","sourceContainerUrl":"file:/C:/Users/b8ibmjava13/.m2/repository/org/slf4j/jul-to-slf4j/1.7.29/jul-to-slf4j-1.7.29-sources.jar","javadocContainerUrl":"file:/C:/Users/b8ibmjava13/.m2/repository/org/slf4j/jul-to-slf4j/1.7.29/jul-to-slf4j-1.7.29-javadoc.jar","isSystem":false,"isOwn":false,"isTest":false,"isJavaContent":false},{"kind":"binary","path":"C:\\Users\\b8ibmjava13\\.m2\\repository\\javax\\annotation\\javax.annotation-api\\1.3.2\\javax.annotation-api-1.3.2.jar","sourceContainerUrl":"file:/C:/Users/b8ibmjava13/.m2/repository/javax/annotation/javax.annotation-api/1.3.2/javax.annotation-api-1.3.2-sources.jar","javadocContainerUrl":"file:/C:/Users/b8ibmjava13/.m2/repository/javax/annotation/javax.annotation-api/1.3.2/javax.annotation-api-1.3.2-javadoc.jar","isSystem":false,"isOwn":false,"isTest":false,"isJavaContent":false},{"kind":"binary","path":"C:\\Users\\b8ibmjava13\\.m2\\repository\\org\\springframework\\boot\\spring-boot-actuator-autoconfigure\\2.1.10.RELEASE\\spring-boot-actuator-autoconfigure-2.1.10.RELEASE.jar","sourceContainerUrl":"file:/C:/Users/b8ibmjava13/.m2/repository/org/springframework/boot/spring-boot-actuator-autoconfigure/2.1.10.RELEASE/spring-boot-actuator-autoconfigure-2.1.10.RELEASE-sources.jar","javadocContainerUrl":"file:/C:/Users/b8ibmjava13/.m2/repository/org/springframework/boot/spring-boot-actuator-autoconfigure/2.1.10.RELEASE/spring-boot-actuator-autoconfigure-2.1.10.RELEASE-javadoc.jar","isSystem":false,"isOwn":false,"isTest":false,"isJavaContent":false},{"kind":"binary","path":"C:\\Users\\b8ibmjava13\\.m2\\repository\\org\\springframework\\boot\\spring-boot-actuator\\2.1.10.RELEASE\\spring-boot-actuator-2.1.10.RELEASE.jar","sourceContainerUrl":"file:/C:/Users/b8ibmjava13/.m2/repository/org/springframework/boot/spring-boot-actuator/2.1.10.RELEASE/spring-boot-actuator-2.1.10.RELEASE-sources.jar","javadocContainerUrl":"file:/C:/Users/b8ibmjava13/.m2/repository/org/springframework/boot/spring-boot-actuator/2.1.10.RELEASE/spring-boot-actuator-2.1.10.RELEASE-javadoc.jar","isSystem":false,"isOwn":false,"isTest":false,"isJavaContent":false},{"kind":"binary","path":"C:\\Users\\b8ibmjava13\\.m2\\repository\\com\\fasterxml\\jackson\\core\\jackson-databind\\2.9.10.1\\jackson-databind-2.9.10.1.jar","sourceContainerUrl":"file:/C:/Users/b8ibmjava13/.m2/repository/com/fasterxml/jackson/core/jackson-databind/2.9.10.1/jackson-databind-2.9.10.1-sources.jar","javadocContainerUrl":"file:/C:/Users/b8ibmjava13/.m2/repository/com/fasterxml/jackson/core/jackson-databind/2.9.10.1/jackson-databind-2.9.10.1-javadoc.jar","isSystem":false,"isOwn":false,"isTest":false,"isJavaContent":false},{"kind":"binary","path":"C:\\Users\\b8ibmjava13\\.m2\\repository\\com\\fasterxml\\jackson\\core\\jackson-core\\2.9.10\\jackson-core-2.9.10.jar","sourceContainerUrl":"file:/C:/Users/b8ibmjava13/.m2/repository/com/fasterxml/jackson/core/jackson-core/2.9.10/jackson-core-2.9.10-sources.jar","javadocContainerUrl":"file:/C:/Users/b8ibmjava13/.m2/repository/com/fasterxml/jackson/core/jackson-core/2.9.10/jackson-core-2.9.10-javadoc.jar","isSystem":false,"isOwn":false,"isTest":false,"isJavaContent":false},{"kind":"binary","path":"C:\\Users\\b8ibmjava13\\.m2\\repository\\org\\springframework\\spring-context\\5.1.11.RELEASE\\spring-context-5.1.11.RELEASE.jar","sourceContainerUrl":"file:/C:/Users/b8ibmjava13/.m2/repository/org/springframework/spring-context/5.1.11.RELEASE/spring-context-5.1.11.RELEASE-sources.jar","javadocContainerUrl":"file:/C:/Users/b8ibmjava13/.m2/repository/org/springframework/spring-context/5.1.11.RELEASE/spring-context-5.1.11.RELEASE-javadoc.jar","isSystem":false,"isOwn":false,"isTest":false,"isJavaContent":false},{"kind":"binary","path":"C:\\Users\\b8ibmjava13\\.m2\\repository\\com\\fasterxml\\jackson\\datatype\\jackson-datatype-jsr310\\2.9.10\\jackson-datatype-jsr310-2.9.10.jar","sourceContainerUrl":"file:/C:/Users/b8ibmjava13/.m2/repository/com/fasterxml/jackson/datatype/jackson-datatype-jsr310/2.9.10/jackson-datatype-jsr310-2.9.10-sources.jar","javadocContainerUrl":"file:/C:/Users/b8ibmjava13/.m2/repository/com/fasterxml/jackson/datatype/jackson-datatype-jsr310/2.9.10/jackson-datatype-jsr310-2.9.10-javadoc.jar","isSystem":false,"isOwn":false,"isTest":false,"isJavaContent":false},{"kind":"binary","path":"C:\\Users\\b8ibmjava13\\.m2\\repository\\io\\micrometer\\micrometer-core\\1.1.8\\micrometer-core-1.1.8.jar","sourceContainerUrl":"file:/C:/Users/b8ibmjava13/.m2/repository/io/micrometer/micrometer-core/1.1.8/micrometer-core-1.1.8-sources.jar","javadocContainerUrl":"file:/C:/Users/b8ibmjava13/.m2/repository/io/micrometer/micrometer-core/1.1.8/micrometer-core-1.1.8-javadoc.jar","isSystem":false,"isOwn":false,"isTest":false,"isJavaContent":false},{"kind":"binary","path":"C:\\Users\\b8ibmjava13\\.m2\\repository\\org\\hdrhistogram\\HdrHistogram\\2.1.9\\HdrHistogram-2.1.9.jar","sourceContainerUrl":"file:/C:/Users/b8ibmjava13/.m2/repository/org/hdrhistogram/HdrHistogram/2.1.9/HdrHistogram-2.1.9-sources.jar","javadocContainerUrl":"file:/C:/Users/b8ibmjava13/.m2/repository/org/hdrhistogram/HdrHistogram/2.1.9/HdrHistogram-2.1.9-javadoc.jar","isSystem":false,"isOwn":false,"isTest":false,"isJavaContent":false},{"kind":"binary","path":"C:\\Users\\b8ibmjava13\\.m2\\repository\\org\\latencyutils\\LatencyUtils\\2.0.3\\LatencyUtils-2.0.3.jar","sourceContainerUrl":"file:/C:/Users/b8ibmjava13/.m2/repository/org/latencyutils/LatencyUtils/2.0.3/LatencyUtils-2.0.3-sources.jar","javadocContainerUrl":"file:/C:/Users/b8ibmjava13/.m2/repository/org/latencyutils/LatencyUtils/2.0.3/LatencyUtils-2.0.3-javadoc.jar","isSystem":false,"isOwn":false,"isTest":false,"isJavaContent":false},{"kind":"binary","path":"C:\\Users\\b8ibmjava13\\.m2\\repository\\org\\springframework\\boot\\spring-boot-starter-web\\2.1.10.RELEASE\\spring-boot-starter-web-2.1.10.RELEASE.jar","sourceContainerUrl":"file:/C:/Users/b8ibmjava13/.m2/repository/org/springframework/boot/spring-boot-starter-web/2.1.10.RELEASE/spring-boot-starter-web-2.1.10.RELEASE-sources.jar","isSystem":false,"isOwn":false,"isTest":false,"isJavaContent":false},{"kind":"binary","path":"C:\\Users\\b8ibmjava13\\.m2\\repository\\org\\springframework\\boot\\spring-boot-starter-json\\2.1.10.RELEASE\\spring-boot-starter-json-2.1.10.RELEASE.jar","sourceContainerUrl":"file:/C:/Users/b8ibmjava13/.m2/repository/org/springframework/boot/spring-boot-starter-json/2.1.10.RELEASE/spring-boot-starter-json-2.1.10.RELEASE-sources.jar","isSystem":false,"isOwn":false,"isTest":false,"isJavaContent":false},{"kind":"binary","path":"C:\\Users\\b8ibmjava13\\.m2\\repository\\com\\fasterxml\\jackson\\datatype\\jackson-datatype-jdk8\\2.9.10\\jackson-datatype-jdk8-2.9.10.jar","sourceContainerUrl":"file:/C:/Users/b8ibmjava13/.m2/repository/com/fasterxml/jackson/datatype/jackson-datatype-jdk8/2.9.10/jackson-datatype-jdk8-2.9.10-sources.jar","javadocContainerUrl":"file:/C:/Users/b8ibmjava13/.m2/repository/com/fasterxml/jackson/datatype/jackson-datatype-jdk8/2.9.10/jackson-datatype-jdk8-2.9.10-javadoc.jar","isSystem":false,"isOwn":false,"isTest":false,"isJavaContent":false},{"kind":"binary","path":"C:\\Users\\b8ibmjava13\\.m2\\repository\\com\\fasterxml\\jackson\\module\\jackson-module-parameter-names\\2.9.10\\jackson-module-parameter-names-2.9.10.jar","sourceContainerUrl":"file:/C:/Users/b8ibmjava13/.m2/repository/com/fasterxml/jackson/module/jackson-module-parameter-names/2.9.10/jackson-module-parameter-names-2.9.10-sources.jar","javadocContainerUrl":"file:/C:/Users/b8ibmjava13/.m2/repository/com/fasterxml/jackson/module/jackson-module-parameter-names/2.9.10/jackson-module-parameter-names-2.9.10-javadoc.jar","isSystem":false,"isOwn":false,"isTest":false,"isJavaContent":false},{"kind":"binary","path":"C:\\Users\\b8ibmjava13\\.m2\\repository\\org\\springframework\\boot\\spring-boot-starter-tomcat\\2.1.10.RELEASE\\spring-boot-starter-tomcat-2.1.10.RELEASE.jar","sourceContainerUrl":"file:/C:/Users/b8ibmjava13/.m2/repository/org/springframework/boot/spring-boot-starter-tomcat/2.1.10.RELEASE/spring-boot-starter-tomcat-2.1.10.RELEASE-sources.jar","isSystem":false,"isOwn":false,"isTest":false,"isJavaContent":false},{"kind":"binary","path":"C:\\Users\\b8ibmjava13\\.m2\\repository\\org\\apache\\tomcat\\embed\\tomcat-embed-core\\9.0.27\\tomcat-embed-core-9.0.27.jar","sourceContainerUrl":"file:/C:/Users/b8ibmjava13/.m2/repository/org/apache/tomcat/embed/tomcat-embed-core/9.0.27/tomcat-embed-core-9.0.27-sources.jar","isSystem":false,"isOwn":false,"isTest":false,"isJavaContent":false},{"kind":"binary","path":"C:\\Users\\b8ibmjava13\\.m2\\repository\\org\\apache\\tomcat\\embed\\tomcat-embed-el\\9.0.27\\tomcat-embed-el-9.0.27.jar","sourceContainerUrl":"file:/C:/Users/b8ibmjava13/.m2/repository/org/apache/tomcat/embed/tomcat-embed-el/9.0.27/tomcat-embed-el-9.0.27-sources.jar","isSystem":false,"isOwn":false,"isTest":false,"isJavaContent":false},{"kind":"binary","path":"C:\\Users\\b8ibmjava13\\.m2\\repository\\org\\apache\\tomcat\\embed\\tomcat-embed-websocket\\9.0.27\\tomcat-embed-websocket-9.0.27.jar","sourceContainerUrl":"file:/C:/Users/b8ibmjava13/.m2/repository/org/apache/tomcat/embed/tomcat-embed-websocket/9.0.27/tomcat-embed-websocket-9.0.27-sources.jar","isSystem":false,"isOwn":false,"isTest":false,"isJavaContent":false},{"kind":"binary","path":"C:\\Users\\b8ibmjava13\\.m2\\repository\\org\\hibernate\\validator\\hibernate-validator\\6.0.18.Final\\hibernate-validator-6.0.18.Final.jar","sourceContainerUrl":"file:/C:/Users/b8ibmjava13/.m2/repository/org/hibernate/validator/hibernate-validator/6.0.18.Final/hibernate-validator-6.0.18.Final-sources.jar","isSystem":false,"isOwn":false,"isTest":false,"isJavaContent":false},{"kind":"binary","path":"C:\\Users\\b8ibmjava13\\.m2\\repository\\javax\\validation\\validation-api\\2.0.1.Final\\validation-api-2.0.1.Final.jar","sourceContainerUrl":"file:/C:/Users/b8ibmjava13/.m2/repository/javax/validation/validation-api/2.0.1.Final/validation-api-2.0.1.Final-sources.jar","javadocContainerUrl":"file:/C:/Users/b8ibmjava13/.m2/repository/javax/validation/validation-api/2.0.1.Final/validation-api-2.0.1.Final-javadoc.jar","isSystem":false,"isOwn":false,"isTest":false,"isJavaContent":false},{"kind":"binary","path":"C:\\Users\\b8ibmjava13\\.m2\\repository\\org\\jboss\\logging\\jboss-logging\\3.3.3.Final\\jboss-logging-3.3.3.Final.jar","sourceContainerUrl":"file:/C:/Users/b8ibmjava13/.m2/repository/org/jboss/logging/jboss-logging/3.3.3.Final/jboss-logging-3.3.3.Final-sources.jar","javadocContainerUrl":"file:/C:/Users/b8ibmjava13/.m2/repository/org/jboss/logging/jboss-logging/3.3.3.Final/jboss-logging-3.3.3.Final-javadoc.jar","isSystem":false,"isOwn":false,"isTest":false,"isJavaContent":false},{"kind":"binary","path":"C:\\Users\\b8ibmjava13\\.m2\\repository\\com\\fasterxml\\classmate\\1.4.0\\classmate-1.4.0.jar","sourceContainerUrl":"file:/C:/Users/b8ibmjava13/.m2/repository/com/fasterxml/classmate/1.4.0/classmate-1.4.0-sources.jar","javadocContainerUrl":"file:/C:/Users/b8ibmjava13/.m2/repository/com/fasterxml/classmate/1.4.0/classmate-1.4.0-javadoc.jar","isSystem":false,"isOwn":false,"isTest":false,"isJavaContent":false},{"kind":"binary","path":"C:\\Users\\b8ibmjava13\\.m2\\repository\\org\\springframework\\spring-web\\5.1.11.RELEASE\\spring-web-5.1.11.RELEASE.jar","sourceContainerUrl":"file:/C:/Users/b8ibmjava13/.m2/repository/org/springframework/spring-web/5.1.11.RELEASE/spring-web-5.1.11.RELEASE-sources.jar","javadocContainerUrl":"file:/C:/Users/b8ibmjava13/.m2/repository/org/springframework/spring-web/5.1.11.RELEASE/spring-web-5.1.11.RELEASE-javadoc.jar","isSystem":false,"isOwn":false,"isTest":false,"isJavaContent":false},{"kind":"binary","path":"C:\\Users\\b8ibmjava13\\.m2\\repository\\org\\springframework\\spring-beans\\5.1.11.RELEASE\\spring-beans-5.1.11.RELEASE.jar","sourceContainerUrl":"file:/C:/Users/b8ibmjava13/.m2/repository/org/springframework/spring-beans/5.1.11.RELEASE/spring-beans-5.1.11.RELEASE-sources.jar","javadocContainerUrl":"file:/C:/Users/b8ibmjava13/.m2/repository/org/springframework/spring-beans/5.1.11.RELEASE/spring-beans-5.1.11.RELEASE-javadoc.jar","isSystem":false,"isOwn":false,"isTest":false,"isJavaContent":false},{"kind":"binary","path":"C:\\Users\\b8ibmjava13\\.m2\\repository\\org\\springframework\\spring-webmvc\\5.1.11.RELEASE\\spring-webmvc-5.1.11.RELEASE.jar","sourceContainerUrl":"file:/C:/Users/b8ibmjava13/.m2/repository/org/springframework/spring-webmvc/5.1.11.RELEASE/spring-webmvc-5.1.11.RELEASE-sources.jar","javadocContainerUrl":"file:/C:/Users/b8ibmjava13/.m2/repository/org/springframework/spring-webmvc/5.1.11.RELEASE/spring-webmvc-5.1.11.RELEASE-javadoc.jar","isSystem":false,"isOwn":false,"isTest":false,"isJavaContent":false},{"kind":"binary","path":"C:\\Users\\b8ibmjava13\\.m2\\repository\\org\\springframework\\spring-aop\\5.1.11.RELEASE\\spring-aop-5.1.11.RELEASE.jar","sourceContainerUrl":"file:/C:/Users/b8ibmjava13/.m2/repository/org/springframework/spring-aop/5.1.11.RELEASE/spring-aop-5.1.11.RELEASE-sources.jar","javadocContainerUrl":"file:/C:/Users/b8ibmjava13/.m2/repository/org/springframework/spring-aop/5.1.11.RELEASE/spring-aop-5.1.11.RELEASE-javadoc.jar","isSystem":false,"isOwn":false,"isTest":false,"isJavaContent":false},{"kind":"binary","path":"C:\\Users\\b8ibmjava13\\.m2\\repository\\org\\springframework\\spring-expression\\5.1.11.RELEASE\\spring-expression-5.1.11.RELEASE.jar","sourceContainerUrl":"file:/C:/Users/b8ibmjava13/.m2/repository/org/springframework/spring-expression/5.1.11.RELEASE/spring-expression-5.1.11.RELEASE-sources.jar","javadocContainerUrl":"file:/C:/Users/b8ibmjava13/.m2/repository/org/springframework/spring-expression/5.1.11.RELEASE/spring-expression-5.1.11.RELEASE-javadoc.jar","isSystem":false,"isOwn":false,"isTest":false,"isJavaContent":false},{"kind":"binary","path":"C:\\Users\\b8ibmjava13\\.m2\\repository\\org\\springframework\\boot\\spring-boot-devtools\\2.1.10.RELEASE\\spring-boot-devtools-2.1.10.RELEASE.jar","sourceContainerUrl":"file:/C:/Users/b8ibmjava13/.m2/repository/org/springframework/boot/spring-boot-devtools/2.1.10.RELEASE/spring-boot-devtools-2.1.10.RELEASE-sources.jar","javadocContainerUrl":"file:/C:/Users/b8ibmjava13/.m2/repository/org/springframework/boot/spring-boot-devtools/2.1.10.RELEASE/spring-boot-devtools-2.1.10.RELEASE-javadoc.jar","isSystem":false,"isOwn":false,"isTest":false,"isJavaContent":false},{"kind":"binary","path":"C:\\Users\\b8ibmjava13\\.m2\\repository\\org\\springframework\\boot\\spring-boot\\2.1.10.RELEASE\\spring-boot-2.1.10.RELEASE.jar","sourceContainerUrl":"file:/C:/Users/b8ibmjava13/.m2/repository/org/springframework/boot/spring-boot/2.1.10.RELEASE/spring-boot-2.1.10.RELEASE-sources.jar","javadocContainerUrl":"file:/C:/Users/b8ibmjava13/.m2/repository/org/springframework/boot/spring-boot/2.1.10.RELEASE/spring-boot-2.1.10.RELEASE-javadoc.jar","isSystem":false,"isOwn":false,"isTest":false,"isJavaContent":false},{"kind":"binary","path":"C:\\Users\\b8ibmjava13\\.m2\\repository\\org\\springframework\\boot\\spring-boot-autoconfigure\\2.1.10.RELEASE\\spring-boot-autoconfigure-2.1.10.RELEASE.jar","sourceContainerUrl":"file:/C:/Users/b8ibmjava13/.m2/repository/org/springframework/boot/spring-boot-autoconfigure/2.1.10.RELEASE/spring-boot-autoconfigure-2.1.10.RELEASE-sources.jar","javadocContainerUrl":"file:/C:/Users/b8ibmjava13/.m2/repository/org/springframework/boot/spring-boot-autoconfigure/2.1.10.RELEASE/spring-boot-autoconfigure-2.1.10.RELEASE-javadoc.jar","isSystem":false,"isOwn":false,"isTest":false,"isJavaContent":false},{"kind":"binary","path":"C:\\Users\\b8ibmjava13\\.m2\\repository\\org\\springframework\\boot\\spring-boot-starter-test\\2.1.10.RELEASE\\spring-boot-starter-test-2.1.10.RELEASE.jar","sourceContainerUrl":"file:/C:/Users/b8ibmjava13/.m2/repository/org/springframework/boot/spring-boot-starter-test/2.1.10.RELEASE/spring-boot-starter-test-2.1.10.RELEASE-sources.jar","isSystem":false,"isOwn":false,"isTest":false,"isJavaContent":false},{"kind":"binary","path":"C:\\Users\\b8ibmjava13\\.m2\\repository\\org\\springframework\\boot\\spring-boot-test\\2.1.10.RELEASE\\spring-boot-test-2.1.10.RELEASE.jar","sourceContainerUrl":"file:/C:/Users/b8ibmjava13/.m2/repository/org/springframework/boot/spring-boot-test/2.1.10.RELEASE/spring-boot-test-2.1.10.RELEASE-sources.jar","javadocContainerUrl":"file:/C:/Users/b8ibmjava13/.m2/repository/org/springframework/boot/spring-boot-test/2.1.10.RELEASE/spring-boot-test-2.1.10.RELEASE-javadoc.jar","isSystem":false,"isOwn":false,"isTest":false,"isJavaContent":false},{"kind":"binary","path":"C:\\Users\\b8ibmjava13\\.m2\\repository\\org\\springframework\\boot\\spring-boot-test-autoconfigure\\2.1.10.RELEASE\\spring-boot-test-autoconfigure-2.1.10.RELEASE.jar","sourceContainerUrl":"file:/C:/Users/b8ibmjava13/.m2/repository/org/springframework/boot/spring-boot-test-autoconfigure/2.1.10.RELEASE/spring-boot-test-autoconfigure-2.1.10.RELEASE-sources.jar","javadocContainerUrl":"file:/C:/Users/b8ibmjava13/.m2/repository/org/springframework/boot/spring-boot-test-autoconfigure/2.1.10.RELEASE/spring-boot-test-autoconfigure-2.1.10.RELEASE-javadoc.jar","isSystem":false,"isOwn":false,"isTest":false,"isJavaContent":false},{"kind":"binary","path":"C:\\Users\\b8ibmjava13\\.m2\\repository\\com\\jayway\\jsonpath\\json-path\\2.4.0\\json-path-2.4.0.jar","sourceContainerUrl":"file:/C:/Users/b8ibmjava13/.m2/repository/com/jayway/jsonpath/json-path/2.4.0/json-path-2.4.0-sources.jar","javadocContainerUrl":"file:/C:/Users/b8ibmjava13/.m2/repository/com/jayway/jsonpath/json-path/2.4.0/json-path-2.4.0-javadoc.jar","isSystem":false,"isOwn":false,"isTest":false,"isJavaContent":false},{"kind":"binary","path":"C:\\Users\\b8ibmjava13\\.m2\\repository\\net\\minidev\\json-smart\\2.3\\json-smart-2.3.jar","sourceContainerUrl":"file:/C:/Users/b8ibmjava13/.m2/repository/net/minidev/json-smart/2.3/json-smart-2.3-sources.jar","javadocContainerUrl":"file:/C:/Users/b8ibmjava13/.m2/repository/net/minidev/json-smart/2.3/json-smart-2.3-javadoc.jar","isSystem":false,"isOwn":false,"isTest":false,"isJavaContent":false},{"kind":"binary","path":"C:\\Users\\b8ibmjava13\\.m2\\repository\\net\\minidev\\accessors-smart\\1.2\\accessors-smart-1.2.jar","sourceContainerUrl":"file:/C:/Users/b8ibmjava13/.m2/repository/net/minidev/accessors-smart/1.2/accessors-smart-1.2-sources.jar","javadocContainerUrl":"file:/C:/Users/b8ibmjava13/.m2/repository/net/minidev/accessors-smart/1.2/accessors-smart-1.2-javadoc.jar","isSystem":false,"isOwn":false,"isTest":false,"isJavaContent":false},{"kind":"binary","path":"C:\\Users\\b8ibmjava13\\.m2\\repository\\org\\ow2\\asm\\asm\\5.0.4\\asm-5.0.4.jar","sourceContainerUrl":"file:/C:/Users/b8ibmjava13/.m2/repository/org/ow2/asm/asm/5.0.4/asm-5.0.4-sources.jar","javadocContainerUrl":"file:/C:/Users/b8ibmjava13/.m2/repository/org/ow2/asm/asm/5.0.4/asm-5.0.4-javadoc.jar","isSystem":false,"isOwn":false,"isTest":false,"isJavaContent":false},{"kind":"binary","path":"C:\\Users\\b8ibmjava13\\.m2\\repository\\org\\slf4j\\slf4j-api\\1.7.29\\slf4j-api-1.7.29.jar","sourceContainerUrl":"file:/C:/Users/b8ibmjava13/.m2/repository/org/slf4j/slf4j-api/1.7.29/slf4j-api-1.7.29-sources.jar","javadocContainerUrl":"file:/C:/Users/b8ibmjava13/.m2/repository/org/slf4j/slf4j-api/1.7.29/slf4j-api-1.7.29-javadoc.jar","isSystem":false,"isOwn":false,"isTest":false,"isJavaContent":false},{"kind":"binary","path":"C:\\Users\\b8ibmjava13\\.m2\\repository\\junit\\junit\\4.12\\junit-4.12.jar","sourceContainerUrl":"file:/C:/Users/b8ibmjava13/.m2/repository/junit/junit/4.12/junit-4.12-sources.jar","javadocContainerUrl":"file:/C:/Users/b8ibmjava13/.m2/repository/junit/junit/4.12/junit-4.12-javadoc.jar","isSystem":false,"isOwn":false,"isTest":false,"isJavaContent":false},{"kind":"binary","path":"C:\\Users\\b8ibmjava13\\.m2\\repository\\org\\assertj\\assertj-core\\3.11.1\\assertj-core-3.11.1.jar","sourceContainerUrl":"file:/C:/Users/b8ibmjava13/.m2/repository/org/assertj/assertj-core/3.11.1/assertj-core-3.11.1-sources.jar","javadocContainerUrl":"file:/C:/Users/b8ibmjava13/.m2/repository/org/assertj/assertj-core/3.11.1/assertj-core-3.11.1-javadoc.jar","isSystem":false,"isOwn":false,"isTest":false,"isJavaContent":false},{"kind":"binary","path":"C:\\Users\\b8ibmjava13\\.m2\\repository\\org\\mockito\\mockito-core\\2.23.4\\mockito-core-2.23.4.jar","sourceContainerUrl":"file:/C:/Users/b8ibmjava13/.m2/repository/org/mockito/mockito-core/2.23.4/mockito-core-2.23.4-sources.jar","javadocContainerUrl":"file:/C:/Users/b8ibmjava13/.m2/repository/org/mockito/mockito-core/2.23.4/mockito-core-2.23.4-javadoc.jar","isSystem":false,"isOwn":false,"isTest":false,"isJavaContent":false},{"kind":"binary","path":"C:\\Users\\b8ibmjava13\\.m2\\repository\\net\\bytebuddy\\byte-buddy\\1.9.16\\byte-buddy-1.9.16.jar","sourceContainerUrl":"file:/C:/Users/b8ibmjava13/.m2/repository/net/bytebuddy/byte-buddy/1.9.16/byte-buddy-1.9.16-sources.jar","javadocContainerUrl":"file:/C:/Users/b8ibmjava13/.m2/repository/net/bytebuddy/byte-buddy/1.9.16/byte-buddy-1.9.16-javadoc.jar","isSystem":false,"isOwn":false,"isTest":false,"isJavaContent":false},{"kind":"binary","path":"C:\\Users\\b8ibmjava13\\.m2\\repository\\net\\bytebuddy\\byte-buddy-agent\\1.9.16\\byte-buddy-agent-1.9.16.jar","sourceContainerUrl":"file:/C:/Users/b8ibmjava13/.m2/repository/net/bytebuddy/byte-buddy-agent/1.9.16/byte-buddy-agent-1.9.16-sources.jar","javadocContainerUrl":"file:/C:/Users/b8ibmjava13/.m2/repository/net/bytebuddy/byte-buddy-agent/1.9.16/byte-buddy-agent-1.9.16-javadoc.jar","isSystem":false,"isOwn":false,"isTest":false,"isJavaContent":false},{"kind":"binary","path":"C:\\Users\\b8ibmjava13\\.m2\\repository\\org\\objenesis\\objenesis\\2.6\\objenesis-2.6.jar","sourceContainerUrl":"file:/C:/Users/b8ibmjava13/.m2/repository/org/objenesis/objenesis/2.6/objenesis-2.6-sources.jar","javadocContainerUrl":"file:/C:/Users/b8ibmjava13/.m2/repository/org/objenesis/objenesis/2.6/objenesis-2.6-javadoc.jar","isSystem":false,"isOwn":false,"isTest":false,"isJavaContent":false},{"kind":"binary","path":"C:\\Users\\b8ibmjava13\\.m2\\repository\\org\\hamcrest\\hamcrest-core\\1.3\\hamcrest-core-1.3.jar","sourceContainerUrl":"file:/C:/Users/b8ibmjava13/.m2/repository/org/hamcrest/hamcrest-core/1.3/hamcrest-core-1.3-sources.jar","javadocContainerUrl":"file:/C:/Users/b8ibmjava13/.m2/repository/org/hamcrest/hamcrest-core/1.3/hamcrest-core-1.3-javadoc.jar","isSystem":false,"isOwn":false,"isTest":false,"isJavaContent":false},{"kind":"binary","path":"C:\\Users\\b8ibmjava13\\.m2\\repository\\org\\hamcrest\\hamcrest-library\\1.3\\hamcrest-library-1.3.jar","sourceContainerUrl":"file:/C:/Users/b8ibmjava13/.m2/repository/org/hamcrest/hamcrest-library/1.3/hamcrest-library-1.3-sources.jar","javadocContainerUrl":"file:/C:/Users/b8ibmjava13/.m2/repository/org/hamcrest/hamcrest-library/1.3/hamcrest-library-1.3-javadoc.jar","isSystem":false,"isOwn":false,"isTest":false,"isJavaContent":false},{"kind":"binary","path":"C:\\Users\\b8ibmjava13\\.m2\\repository\\org\\skyscreamer\\jsonassert\\1.5.0\\jsonassert-1.5.0.jar","sourceContainerUrl":"file:/C:/Users/b8ibmjava13/.m2/repository/org/skyscreamer/jsonassert/1.5.0/jsonassert-1.5.0-sources.jar","javadocContainerUrl":"file:/C:/Users/b8ibmjava13/.m2/repository/org/skyscreamer/jsonassert/1.5.0/jsonassert-1.5.0-javadoc.jar","isSystem":false,"isOwn":false,"isTest":false,"isJavaContent":false},{"kind":"binary","path":"C:\\Users\\b8ibmjava13\\.m2\\repository\\com\\vaadin\\external\\google\\android-json\\0.0.20131108.vaadin1\\android-json-0.0.20131108.vaadin1.jar","sourceContainerUrl":"file:/C:/Users/b8ibmjava13/.m2/repository/com/vaadin/external/google/android-json/0.0.20131108.vaadin1/android-json-0.0.20131108.vaadin1-sources.jar","javadocContainerUrl":"file:/C:/Users/b8ibmjava13/.m2/repository/com/vaadin/external/google/android-json/0.0.20131108.vaadin1/android-json-0.0.20131108.vaadin1-javadoc.jar","isSystem":false,"isOwn":false,"isTest":false,"isJavaContent":false},{"kind":"binary","path":"C:\\Users\\b8ibmjava13\\.m2\\repository\\org\\springframework\\spring-core\\5.1.11.RELEASE\\spring-core-5.1.11.RELEASE.jar","sourceContainerUrl":"file:/C:/Users/b8ibmjava13/.m2/repository/org/springframework/spring-core/5.1.11.RELEASE/spring-core-5.1.11.RELEASE-sources.jar","javadocContainerUrl":"file:/C:/Users/b8ibmjava13/.m2/repository/org/springframework/spring-core/5.1.11.RELEASE/spring-core-5.1.11.RELEASE-javadoc.jar","isSystem":false,"isOwn":false,"isTest":false,"isJavaContent":false},{"kind":"binary","path":"C:\\Users\\b8ibmjava13\\.m2\\repository\\org\\springframework\\spring-jcl\\5.1.11.RELEASE\\spring-jcl-5.1.11.RELEASE.jar","sourceContainerUrl":"file:/C:/Users/b8ibmjava13/.m2/repository/org/springframework/spring-jcl/5.1.11.RELEASE/spring-jcl-5.1.11.RELEASE-sources.jar","javadocContainerUrl":"file:/C:/Users/b8ibmjava13/.m2/repository/org/springframework/spring-jcl/5.1.11.RELEASE/spring-jcl-5.1.11.RELEASE-javadoc.jar","isSystem":false,"isOwn":false,"isTest":false,"isJavaContent":false},{"kind":"binary","path":"C:\\Users\\b8ibmjava13\\.m2\\repository\\org\\springframework\\spring-test\\5.1.11.RELEASE\\spring-test-5.1.11.RELEASE.jar","sourceContainerUrl":"file:/C:/Users/b8ibmjava13/.m2/repository/org/springframework/spring-test/5.1.11.RELEASE/spring-test-5.1.11.RELEASE-sources.jar","javadocContainerUrl":"file:/C:/Users/b8ibmjava13/.m2/repository/org/springframework/spring-test/5.1.11.RELEASE/spring-test-5.1.11.RELEASE-javadoc.jar","isSystem":false,"isOwn":false,"isTest":false,"isJavaContent":false},{"kind":"binary","path":"C:\\Users\\b8ibmjava13\\.m2\\repository\\org\\xmlunit\\xmlunit-core\\2.6.3\\xmlunit-core-2.6.3.jar","sourceContainerUrl":"file:/C:/Users/b8ibmjava13/.m2/repository/org/xmlunit/xmlunit-core/2.6.3/xmlunit-core-2.6.3-sources.jar","javadocContainerUrl":"file:/C:/Users/b8ibmjava13/.m2/repository/org/xmlunit/xmlunit-core/2.6.3/xmlunit-core-2.6.3-javadoc.jar","isSystem":false,"isOwn":false,"isTest":false,"isJavaContent":false},{"kind":"binary","path":"C:\\Users\\b8ibmjava13\\.m2\\repository\\org\\springframework\\cloud\\spring-cloud-config-server\\2.1.4.RELEASE\\spring-cloud-config-server-2.1.4.RELEASE.jar","sourceContainerUrl":"file:/C:/Users/b8ibmjava13/.m2/repository/org/springframework/cloud/spring-cloud-config-server/2.1.4.RELEASE/spring-cloud-config-server-2.1.4.RELEASE-sources.jar","javadocContainerUrl":"file:/C:/Users/b8ibmjava13/.m2/repository/org/springframework/cloud/spring-cloud-config-server/2.1.4.RELEASE/spring-cloud-config-server-2.1.4.RELEASE-javadoc.jar","isSystem":false,"isOwn":false,"isTest":false,"isJavaContent":false},{"kind":"binary","path":"C:\\Users\\b8ibmjava13\\.m2\\repository\\org\\springframework\\cloud\\spring-cloud-config-client\\2.1.4.RELEASE\\spring-cloud-config-client-2.1.4.RELEASE.jar","sourceContainerUrl":"file:/C:/Users/b8ibmjava13/.m2/repository/org/springframework/cloud/spring-cloud-config-client/2.1.4.RELEASE/spring-cloud-config-client-2.1.4.RELEASE-sources.jar","javadocContainerUrl":"file:/C:/Users/b8ibmjava13/.m2/repository/org/springframework/cloud/spring-cloud-config-client/2.1.4.RELEASE/spring-cloud-config-client-2.1.4.RELEASE-javadoc.jar","isSystem":false,"isOwn":false,"isTest":false,"isJavaContent":false},{"kind":"binary","path":"C:\\Users\\b8ibmjava13\\.m2\\repository\\org\\springframework\\cloud\\spring-cloud-commons\\2.1.3.RELEASE\\spring-cloud-commons-2.1.3.RELEASE.jar","sourceContainerUrl":"file:/C:/Users/b8ibmjava13/.m2/repository/org/springframework/cloud/spring-cloud-commons/2.1.3.RELEASE/spring-cloud-commons-2.1.3.RELEASE-sources.jar","javadocContainerUrl":"file:/C:/Users/b8ibmjava13/.m2/repository/org/springframework/cloud/spring-cloud-commons/2.1.3.RELEASE/spring-cloud-commons-2.1.3.RELEASE-javadoc.jar","isSystem":false,"isOwn":false,"isTest":false,"isJavaContent":false},{"kind":"binary","path":"C:\\Users\\b8ibmjava13\\.m2\\repository\\org\\springframework\\cloud\\spring-cloud-context\\2.1.3.RELEASE\\spring-cloud-context-2.1.3.RELEASE.jar","sourceContainerUrl":"file:/C:/Users/b8ibmjava13/.m2/repository/org/springframework/cloud/spring-cloud-context/2.1.3.RELEASE/spring-cloud-context-2.1.3.RELEASE-sources.jar","javadocContainerUrl":"file:/C:/Users/b8ibmjava13/.m2/repository/org/springframework/cloud/spring-cloud-context/2.1.3.RELEASE/spring-cloud-context-2.1.3.RELEASE-javadoc.jar","isSystem":false,"isOwn":false,"isTest":false,"isJavaContent":false},{"kind":"binary","path":"C:\\Users\\b8ibmjava13\\.m2\\repository\\com\\fasterxml\\jackson\\core\\jackson-annotations\\2.9.10\\jackson-annotations-2.9.10.jar","sourceContainerUrl":"file:/C:/Users/b8ibmjava13/.m2/repository/com/fasterxml/jackson/core/jackson-annotations/2.9.10/jackson-annotations-2.9.10-sources.jar","javadocContainerUrl":"file:/C:/Users/b8ibmjava13/.m2/repository/com/fasterxml/jackson/core/jackson-annotations/2.9.10/jackson-annotations-2.9.10-javadoc.jar","isSystem":false,"isOwn":false,"isTest":false,"isJavaContent":false},{"kind":"binary","path":"C:\\Users\\b8ibmjava13\\.m2\\repository\\org\\springframework\\security\\spring-security-crypto\\5.1.7.RELEASE\\spring-security-crypto-5.1.7.RELEASE.jar","sourceContainerUrl":"file:/C:/Users/b8ibmjava13/.m2/repository/org/springframework/security/spring-security-crypto/5.1.7.RELEASE/spring-security-crypto-5.1.7.RELEASE-sources.jar","javadocContainerUrl":"file:/C:/Users/b8ibmjava13/.m2/repository/org/springframework/security/spring-security-crypto/5.1.7.RELEASE/spring-security-crypto-5.1.7.RELEASE-javadoc.jar","isSystem":false,"isOwn":false,"isTest":false,"isJavaContent":false},{"kind":"binary","path":"C:\\Users\\b8ibmjava13\\.m2\\repository\\org\\springframework\\security\\spring-security-rsa\\1.0.7.RELEASE\\spring-security-rsa-1.0.7.RELEASE.jar","sourceContainerUrl":"file:/C:/Users/b8ibmjava13/.m2/repository/org/springframework/security/spring-security-rsa/1.0.7.RELEASE/spring-security-rsa-1.0.7.RELEASE-sources.jar","javadocContainerUrl":"file:/C:/Users/b8ibmjava13/.m2/repository/org/springframework/security/spring-security-rsa/1.0.7.RELEASE/spring-security-rsa-1.0.7.RELEASE-javadoc.jar","isSystem":false,"isOwn":false,"isTest":false,"isJavaContent":false},{"kind":"binary","path":"C:\\Users\\b8ibmjava13\\.m2\\repository\\org\\bouncycastle\\bcpkix-jdk15on\\1.60\\bcpkix-jdk15on-1.60.jar","sourceContainerUrl":"file:/C:/Users/b8ibmjava13/.m2/repository/org/bouncycastle/bcpkix-jdk15on/1.60/bcpkix-jdk15on-1.60-sources.jar","javadocContainerUrl":"file:/C:/Users/b8ibmjava13/.m2/repository/org/bouncycastle/bcpkix-jdk15on/1.60/bcpkix-jdk15on-1.60-javadoc.jar","isSystem":false,"isOwn":false,"isTest":false,"isJavaContent":false},{"kind":"binary","path":"C:\\Users\\b8ibmjava13\\.m2\\repository\\org\\bouncycastle\\bcprov-jdk15on\\1.60\\bcprov-jdk15on-1.60.jar","sourceContainerUrl":"file:/C:/Users/b8ibmjava13/.m2/repository/org/bouncycastle/bcprov-jdk15on/1.60/bcprov-jdk15on-1.60-sources.jar","javadocContainerUrl":"file:/C:/Users/b8ibmjava13/.m2/repository/org/bouncycastle/bcprov-jdk15on/1.60/bcprov-jdk15on-1.60-javadoc.jar","isSystem":false,"isOwn":false,"isTest":false,"isJavaContent":false},{"kind":"binary","path":"C:\\Users\\b8ibmjava13\\.m2\\repository\\org\\eclipse\\jgit\\org.eclipse.jgit\\5.1.3.201810200350-r\\org.eclipse.jgit-5.1.3.201810200350-r.jar","sourceContainerUrl":"file:/C:/Users/b8ibmjava13/.m2/repository/org/eclipse/jgit/org.eclipse.jgit/5.1.3.201810200350-r/org.eclipse.jgit-5.1.3.201810200350-r-sources.jar","javadocContainerUrl":"file:/C:/Users/b8ibmjava13/.m2/repository/org/eclipse/jgit/org.eclipse.jgit/5.1.3.201810200350-r/org.eclipse.jgit-5.1.3.201810200350-r-javadoc.jar","isSystem":false,"isOwn":false,"isTest":false,"isJavaContent":false},{"kind":"binary","path":"C:\\Users\\b8ibmjava13\\.m2\\repository\\com\\jcraft\\jsch\\0.1.54\\jsch-0.1.54.jar","sourceContainerUrl":"file:/C:/Users/b8ibmjava13/.m2/repository/com/jcraft/jsch/0.1.54/jsch-0.1.54-sources.jar","javadocContainerUrl":"file:/C:/Users/b8ibmjava13/.m2/repository/com/jcraft/jsch/0.1.54/jsch-0.1.54-javadoc.jar","isSystem":false,"isOwn":false,"isTest":false,"isJavaContent":false},{"kind":"binary","path":"C:\\Users\\b8ibmjava13\\.m2\\repository\\com\\jcraft\\jzlib\\1.1.1\\jzlib-1.1.1.jar","sourceContainerUrl":"file:/C:/Users/b8ibmjava13/.m2/repository/com/jcraft/jzlib/1.1.1/jzlib-1.1.1-sources.jar","javadocContainerUrl":"file:/C:/Users/b8ibmjava13/.m2/repository/com/jcraft/jzlib/1.1.1/jzlib-1.1.1-javadoc.jar","isSystem":false,"isOwn":false,"isTest":false,"isJavaContent":false},{"kind":"binary","path":"C:\\Users\\b8ibmjava13\\.m2\\repository\\com\\googlecode\\javaewah\\JavaEWAH\\1.1.6\\JavaEWAH-1.1.6.jar","sourceContainerUrl":"file:/C:/Users/b8ibmjava13/.m2/repository/com/googlecode/javaewah/JavaEWAH/1.1.6/JavaEWAH-1.1.6-sources.jar","javadocContainerUrl":"file:/C:/Users/b8ibmjava13/.m2/repository/com/googlecode/javaewah/JavaEWAH/1.1.6/JavaEWAH-1.1.6-javadoc.jar","isSystem":false,"isOwn":false,"isTest":false,"isJavaContent":false},{"kind":"binary","path":"C:\\Users\\b8ibmjava13\\.m2\\repository\\org\\eclipse\\jgit\\org.eclipse.jgit.http.apache\\5.1.3.201810200350-r\\org.eclipse.jgit.http.apache-5.1.3.201810200350-r.jar","sourceContainerUrl":"file:/C:/Users/b8ibmjava13/.m2/repository/org/eclipse/jgit/org.eclipse.jgit.http.apache/5.1.3.201810200350-r/org.eclipse.jgit.http.apache-5.1.3.201810200350-r-sources.jar","javadocContainerUrl":"file:/C:/Users/b8ibmjava13/.m2/repository/org/eclipse/jgit/org.eclipse.jgit.http.apache/5.1.3.201810200350-r/org.eclipse.jgit.http.apache-5.1.3.201810200350-r-javadoc.jar","isSystem":false,"isOwn":false,"isTest":false,"isJavaContent":false},{"kind":"binary","path":"C:\\Users\\b8ibmjava13\\.m2\\repository\\org\\apache\\httpcomponents\\httpclient\\4.5.10\\httpclient-4.5.10.jar","sourceContainerUrl":"file:/C:/Users/b8ibmjava13/.m2/repository/org/apache/httpcomponents/httpclient/4.5.10/httpclient-4.5.10-sources.jar","javadocContainerUrl":"file:/C:/Users/b8ibmjava13/.m2/repository/org/apache/httpcomponents/httpclient/4.5.10/httpclient-4.5.10-javadoc.jar","isSystem":false,"isOwn":false,"isTest":false,"isJavaContent":false},{"kind":"binary","path":"C:\\Users\\b8ibmjava13\\.m2\\repository\\commons-codec\\commons-codec\\1.11\\commons-codec-1.11.jar","sourceContainerUrl":"file:/C:/Users/b8ibmjava13/.m2/repository/commons-codec/commons-codec/1.11/commons-codec-1.11-sources.jar","javadocContainerUrl":"file:/C:/Users/b8ibmjava13/.m2/repository/commons-codec/commons-codec/1.11/commons-codec-1.11-javadoc.jar","isSystem":false,"isOwn":false,"isTest":false,"isJavaContent":false},{"kind":"binary","path":"C:\\Users\\b8ibmjava13\\.m2\\repository\\org\\apache\\httpcomponents\\httpcore\\4.4.12\\httpcore-4.4.12.jar","sourceContainerUrl":"file:/C:/Users/b8ibmjava13/.m2/repository/org/apache/httpcomponents/httpcore/4.4.12/httpcore-4.4.12-sources.jar","javadocContainerUrl":"file:/C:/Users/b8ibmjava13/.m2/repository/org/apache/httpcomponents/httpcore/4.4.12/httpcore-4.4.12-javadoc.jar","isSystem":false,"isOwn":false,"isTest":false,"isJavaContent":false},{"kind":"binary","path":"C:\\Users\\b8ibmjava13\\.m2\\repository\\org\\yaml\\snakeyaml\\1.23\\snakeyaml-1.23.jar","sourceContainerUrl":"file:/C:/Users/b8ibmjava13/.m2/repository/org/yaml/snakeyaml/1.23/snakeyaml-1.23-sources.jar","javadocContainerUrl":"file:/C:/Users/b8ibmjava13/.m2/repository/org/yaml/snakeyaml/1.23/snakeyaml-1.23-javadoc.jar","isSystem":false,"isOwn":false,"isTest":false,"isJavaContent":false},{"kind":"source","path":"C:\\Users\\b8ibmjava13\\fin\\backend-master\\demo_microservice_demospring-config-server\\src\\main\\java","outputFolder":"C:\\Users\\b8ibmjava13\\fin\\backend-master\\demo_microservice_demospring-config-server\\target\\classes","javadocContainerUrl":"file:/C:/Users/b8ibmjava13/fin/backend-master/demo_microservice_demospring-config-server/target/site/apidocs","isSystem":false,"isOwn":true,"isTest":false,"isJavaContent":true},{"kind":"source","path":"C:\\Users\\b8ibmjava13\\fin\\backend-master\\demo_microservice_demospring-config-server\\src\\test\\java","outputFolder":"C:\\Users\\b8ibmjava13\\fin\\backend-master\\demo_microservice_demospring-config-server\\target\\test-classes","javadocContainerUrl":"file:/C:/Users/b8ibmjava13/fin/backend-master/demo_microservice_demospring-config-server/target/site/apidocs","isSystem":false,"isOwn":true,"isTest":true,"isJavaContent":true},{"kind":"source","path":"C:\\Users\\b8ibmjava13\\fin\\backend-master\\demo_microservice_demospring-config-server\\src\\main\\resources","outputFolder":"C:\\Users\\b8ibmjava13\\fin\\backend-master\\demo_microservice_demospring-config-server\\target\\classes","isSystem":false,"isOwn":true,"isTest":false,"isJavaContent":false},{"kind":"source","path":"C:\\Users\\b8ibmjava13\\fin\\backend-master\\demo_microservice_demospring-config-server\\src\\test\\resources","outputFolder":"C:\\Users\\b8ibmjava13\\fin\\backend-master\\demo_microservice_demospring-config-server\\target\\test-classes","isSystem":false,"isOwn":true,"isTest":true,"isJavaContent":false},{"kind":"source","path":"C:\\Users\\b8ibmjava13\\fin\\backend-master\\demo_microservice_demospring-config-server\\src\\test\\java","outputFolder":"C:\\Users\\b8ibmjava13\\fin\\backend-master\\demo_microservice_demospring-config-server\\target\\test-classes","javadocContainerUrl":"file:/C:/Users/b8ibmjava13/fin/backend-master/demo_microservice_demospring-config-server/target/site/apidocs","isSystem":false,"isOwn":true,"isTest":false,"isJavaContent":false}]}