{"name":"Admin-backend","classpathEntries":[{"kind":"binary","path":"C:\\Program Files\\Java\\jdk1.8.0_191\\jre\\lib\\resources.jar","javadocContainerUrl":"https://docs.oracle.com/javase/1/docs/api/","isSystem":true,"isOwn":false,"isTest":false,"isJavaContent":false},{"kind":"binary","path":"C:\\Program Files\\Java\\jdk1.8.0_191\\jre\\lib\\rt.jar","javadocContainerUrl":"https://docs.oracle.com/javase/1/docs/api/","isSystem":true,"isOwn":false,"isTest":false,"isJavaContent":false},{"kind":"binary","path":"C:\\Program Files\\Java\\jdk1.8.0_191\\jre\\lib\\jsse.jar","javadocContainerUrl":"https://docs.oracle.com/javase/1/docs/api/","isSystem":true,"isOwn":false,"isTest":false,"isJavaContent":false},{"kind":"binary","path":"C:\\Program Files\\Java\\jdk1.8.0_191\\jre\\lib\\jce.jar","javadocContainerUrl":"https://docs.oracle.com/javase/1/docs/api/","isSystem":true,"isOwn":false,"isTest":false,"isJavaContent":false},{"kind":"binary","path":"C:\\Program Files\\Java\\jdk1.8.0_191\\jre\\lib\\charsets.jar","javadocContainerUrl":"https://docs.oracle.com/javase/1/docs/api/","isSystem":true,"isOwn":false,"isTest":false,"isJavaContent":false},{"kind":"binary","path":"C:\\Program Files\\Java\\jdk1.8.0_191\\jre\\lib\\jfr.jar","javadocContainerUrl":"https://docs.oracle.com/javase/1/docs/api/","isSystem":true,"isOwn":false,"isTest":false,"isJavaContent":false},{"kind":"binary","path":"C:\\Users\\b8ibmjava13\\.m2\\repository\\org\\springframework\\boot\\spring-boot-starter-data-jpa\\2.1.10.RELEASE\\spring-boot-starter-data-jpa-2.1.10.RELEASE.jar","sourceContainerUrl":"file:/C:/Users/b8ibmjava13/.m2/repository/org/springframework/boot/spring-boot-starter-data-jpa/2.1.10.RELEASE/spring-boot-starter-data-jpa-2.1.10.RELEASE-sources.jar","isSystem":false,"isOwn":false,"isTest":false,"isJavaContent":false},{"kind":"binary","path":"C:\\Users\\b8ibmjava13\\.m2\\repository\\org\\springframework\\boot\\spring-boot-starter-aop\\2.1.10.RELEASE\\spring-boot-starter-aop-2.1.10.RELEASE.jar","sourceContainerUrl":"file:/C:/Users/b8ibmjava13/.m2/repository/org/springframework/boot/spring-boot-starter-aop/2.1.10.RELEASE/spring-boot-starter-aop-2.1.10.RELEASE-sources.jar","isSystem":false,"isOwn":false,"isTest":false,"isJavaContent":false},{"kind":"binary","path":"C:\\Users\\b8ibmjava13\\.m2\\repository\\org\\aspectj\\aspectjweaver\\1.9.4\\aspectjweaver-1.9.4.jar","sourceContainerUrl":"file:/C:/Users/b8ibmjava13/.m2/repository/org/aspectj/aspectjweaver/1.9.4/aspectjweaver-1.9.4-sources.jar","javadocContainerUrl":"file:/C:/Users/b8ibmjava13/.m2/repository/org/aspectj/aspectjweaver/1.9.4/aspectjweaver-1.9.4-javadoc.jar","isSystem":false,"isOwn":false,"isTest":false,"isJavaContent":false},{"kind":"binary","path":"C:\\Users\\b8ibmjava13\\.m2\\repository\\org\\springframework\\boot\\spring-boot-starter-jdbc\\2.1.10.RELEASE\\spring-boot-starter-jdbc-2.1.10.RELEASE.jar","sourceContainerUrl":"file:/C:/Users/b8ibmjava13/.m2/repository/org/springframework/boot/spring-boot-starter-jdbc/2.1.10.RELEASE/spring-boot-starter-jdbc-2.1.10.RELEASE-sources.jar","isSystem":false,"isOwn":false,"isTest":false,"isJavaContent":false},{"kind":"binary","path":"C:\\Users\\b8ibmjava13\\.m2\\repository\\com\\zaxxer\\HikariCP\\3.2.0\\HikariCP-3.2.0.jar","sourceContainerUrl":"file:/C:/Users/b8ibmjava13/.m2/repository/com/zaxxer/HikariCP/3.2.0/HikariCP-3.2.0-sources.jar","javadocContainerUrl":"file:/C:/Users/b8ibmjava13/.m2/repository/com/zaxxer/HikariCP/3.2.0/HikariCP-3.2.0-javadoc.jar","isSystem":false,"isOwn":false,"isTest":false,"isJavaContent":false},{"kind":"binary","path":"C:\\Users\\b8ibmjava13\\.m2\\repository\\org\\springframework\\spring-jdbc\\5.1.11.RELEASE\\spring-jdbc-5.1.11.RELEASE.jar","sourceContainerUrl":"file:/C:/Users/b8ibmjava13/.m2/repository/org/springframework/spring-jdbc/5.1.11.RELEASE/spring-jdbc-5.1.11.RELEASE-sources.jar","javadocContainerUrl":"file:/C:/Users/b8ibmjava13/.m2/repository/org/springframework/spring-jdbc/5.1.11.RELEASE/spring-jdbc-5.1.11.RELEASE-javadoc.jar","isSystem":false,"isOwn":false,"isTest":false,"isJavaContent":false},{"kind":"binary","path":"C:\\Users\\b8ibmjava13\\.m2\\repository\\javax\\transaction\\javax.transaction-api\\1.3\\javax.transaction-api-1.3.jar","sourceContainerUrl":"file:/C:/Users/b8ibmjava13/.m2/repository/javax/transaction/javax.transaction-api/1.3/javax.transaction-api-1.3-sources.jar","javadocContainerUrl":"file:/C:/Users/b8ibmjava13/.m2/repository/javax/transaction/javax.transaction-api/1.3/javax.transaction-api-1.3-javadoc.jar","isSystem":false,"isOwn":false,"isTest":false,"isJavaContent":false},{"kind":"binary","path":"C:\\Users\\b8ibmjava13\\.m2\\repository\\javax\\xml\\bind\\jaxb-api\\2.3.1\\jaxb-api-2.3.1.jar","sourceContainerUrl":"file:/C:/Users/b8ibmjava13/.m2/repository/javax/xml/bind/jaxb-api/2.3.1/jaxb-api-2.3.1-sources.jar","javadocContainerUrl":"file:/C:/Users/b8ibmjava13/.m2/repository/javax/xml/bind/jaxb-api/2.3.1/jaxb-api-2.3.1-javadoc.jar","isSystem":false,"isOwn":false,"isTest":false,"isJavaContent":false},{"kind":"binary","path":"C:\\Users\\b8ibmjava13\\.m2\\repository\\javax\\activation\\javax.activation-api\\1.2.0\\javax.activation-api-1.2.0.jar","sourceContainerUrl":"file:/C:/Users/b8ibmjava13/.m2/repository/javax/activation/javax.activation-api/1.2.0/javax.activation-api-1.2.0-sources.jar","javadocContainerUrl":"file:/C:/Users/b8ibmjava13/.m2/repository/javax/activation/javax.activation-api/1.2.0/javax.activation-api-1.2.0-javadoc.jar","isSystem":false,"isOwn":false,"isTest":false,"isJavaContent":false},{"kind":"binary","path":"C:\\Users\\b8ibmjava13\\.m2\\repository\\org\\hibernate\\hibernate-core\\5.3.13.Final\\hibernate-core-5.3.13.Final.jar","sourceContainerUrl":"file:/C:/Users/b8ibmjava13/.m2/repository/org/hibernate/hibernate-core/5.3.13.Final/hibernate-core-5.3.13.Final-sources.jar","javadocContainerUrl":"file:/C:/Users/b8ibmjava13/.m2/repository/org/hibernate/hibernate-core/5.3.13.Final/hibernate-core-5.3.13.Final-javadoc.jar","isSystem":false,"isOwn":false,"isTest":false,"isJavaContent":false},{"kind":"binary","path":"C:\\Users\\b8ibmjava13\\.m2\\repository\\org\\jboss\\logging\\jboss-logging\\3.3.3.Final\\jboss-logging-3.3.3.Final.jar","sourceContainerUrl":"file:/C:/Users/b8ibmjava13/.m2/repository/org/jboss/logging/jboss-logging/3.3.3.Final/jboss-logging-3.3.3.Final-sources.jar","javadocContainerUrl":"file:/C:/Users/b8ibmjava13/.m2/repository/org/jboss/logging/jboss-logging/3.3.3.Final/jboss-logging-3.3.3.Final-javadoc.jar","isSystem":false,"isOwn":false,"isTest":false,"isJavaContent":false},{"kind":"binary","path":"C:\\Users\\b8ibmjava13\\.m2\\repository\\javax\\persistence\\javax.persistence-api\\2.2\\javax.persistence-api-2.2.jar","sourceContainerUrl":"file:/C:/Users/b8ibmjava13/.m2/repository/javax/persistence/javax.persistence-api/2.2/javax.persistence-api-2.2-sources.jar","javadocContainerUrl":"file:/C:/Users/b8ibmjava13/.m2/repository/javax/persistence/javax.persistence-api/2.2/javax.persistence-api-2.2-javadoc.jar","isSystem":false,"isOwn":false,"isTest":false,"isJavaContent":false},{"kind":"binary","path":"C:\\Users\\b8ibmjava13\\.m2\\repository\\org\\javassist\\javassist\\3.23.2-GA\\javassist-3.23.2-GA.jar","sourceContainerUrl":"file:/C:/Users/b8ibmjava13/.m2/repository/org/javassist/javassist/3.23.2-GA/javassist-3.23.2-GA-sources.jar","javadocContainerUrl":"file:/C:/Users/b8ibmjava13/.m2/repository/org/javassist/javassist/3.23.2-GA/javassist-3.23.2-GA-javadoc.jar","isSystem":false,"isOwn":false,"isTest":false,"isJavaContent":false},{"kind":"binary","path":"C:\\Users\\b8ibmjava13\\.m2\\repository\\net\\bytebuddy\\byte-buddy\\1.9.16\\byte-buddy-1.9.16.jar","sourceContainerUrl":"file:/C:/Users/b8ibmjava13/.m2/repository/net/bytebuddy/byte-buddy/1.9.16/byte-buddy-1.9.16-sources.jar","javadocContainerUrl":"file:/C:/Users/b8ibmjava13/.m2/repository/net/bytebuddy/byte-buddy/1.9.16/byte-buddy-1.9.16-javadoc.jar","isSystem":false,"isOwn":false,"isTest":false,"isJavaContent":false},{"kind":"binary","path":"C:\\Users\\b8ibmjava13\\.m2\\repository\\antlr\\antlr\\2.7.7\\antlr-2.7.7.jar","isSystem":false,"isOwn":false,"isTest":false,"isJavaContent":false},{"kind":"binary","path":"C:\\Users\\b8ibmjava13\\.m2\\repository\\org\\jboss\\jandex\\2.0.5.Final\\jandex-2.0.5.Final.jar","sourceContainerUrl":"file:/C:/Users/b8ibmjava13/.m2/repository/org/jboss/jandex/2.0.5.Final/jandex-2.0.5.Final-sources.jar","isSystem":false,"isOwn":false,"isTest":false,"isJavaContent":false},{"kind":"binary","path":"C:\\Users\\b8ibmjava13\\.m2\\repository\\com\\fasterxml\\classmate\\1.4.0\\classmate-1.4.0.jar","sourceContainerUrl":"file:/C:/Users/b8ibmjava13/.m2/repository/com/fasterxml/classmate/1.4.0/classmate-1.4.0-sources.jar","javadocContainerUrl":"file:/C:/Users/b8ibmjava13/.m2/repository/com/fasterxml/classmate/1.4.0/classmate-1.4.0-javadoc.jar","isSystem":false,"isOwn":false,"isTest":false,"isJavaContent":false},{"kind":"binary","path":"C:\\Users\\b8ibmjava13\\.m2\\repository\\org\\dom4j\\dom4j\\2.1.1\\dom4j-2.1.1.jar","sourceContainerUrl":"file:/C:/Users/b8ibmjava13/.m2/repository/org/dom4j/dom4j/2.1.1/dom4j-2.1.1-sources.jar","javadocContainerUrl":"file:/C:/Users/b8ibmjava13/.m2/repository/org/dom4j/dom4j/2.1.1/dom4j-2.1.1-javadoc.jar","isSystem":false,"isOwn":false,"isTest":false,"isJavaContent":false},{"kind":"binary","path":"C:\\Users\\b8ibmjava13\\.m2\\repository\\org\\hibernate\\common\\hibernate-commons-annotations\\5.0.4.Final\\hibernate-commons-annotations-5.0.4.Final.jar","sourceContainerUrl":"file:/C:/Users/b8ibmjava13/.m2/repository/org/hibernate/common/hibernate-commons-annotations/5.0.4.Final/hibernate-commons-annotations-5.0.4.Final-sources.jar","isSystem":false,"isOwn":false,"isTest":false,"isJavaContent":false},{"kind":"binary","path":"C:\\Users\\b8ibmjava13\\.m2\\repository\\org\\glassfish\\jaxb\\jaxb-runtime\\2.3.1\\jaxb-runtime-2.3.1.jar","sourceContainerUrl":"file:/C:/Users/b8ibmjava13/.m2/repository/org/glassfish/jaxb/jaxb-runtime/2.3.1/jaxb-runtime-2.3.1-sources.jar","javadocContainerUrl":"file:/C:/Users/b8ibmjava13/.m2/repository/org/glassfish/jaxb/jaxb-runtime/2.3.1/jaxb-runtime-2.3.1-javadoc.jar","isSystem":false,"isOwn":false,"isTest":false,"isJavaContent":false},{"kind":"binary","path":"C:\\Users\\b8ibmjava13\\.m2\\repository\\org\\glassfish\\jaxb\\txw2\\2.3.1\\txw2-2.3.1.jar","sourceContainerUrl":"file:/C:/Users/b8ibmjava13/.m2/repository/org/glassfish/jaxb/txw2/2.3.1/txw2-2.3.1-sources.jar","javadocContainerUrl":"file:/C:/Users/b8ibmjava13/.m2/repository/org/glassfish/jaxb/txw2/2.3.1/txw2-2.3.1-javadoc.jar","isSystem":false,"isOwn":false,"isTest":false,"isJavaContent":false},{"kind":"binary","path":"C:\\Users\\b8ibmjava13\\.m2\\repository\\com\\sun\\istack\\istack-commons-runtime\\3.0.7\\istack-commons-runtime-3.0.7.jar","sourceContainerUrl":"file:/C:/Users/b8ibmjava13/.m2/repository/com/sun/istack/istack-commons-runtime/3.0.7/istack-commons-runtime-3.0.7-sources.jar","javadocContainerUrl":"file:/C:/Users/b8ibmjava13/.m2/repository/com/sun/istack/istack-commons-runtime/3.0.7/istack-commons-runtime-3.0.7-javadoc.jar","isSystem":false,"isOwn":false,"isTest":false,"isJavaContent":false},{"kind":"binary","path":"C:\\Users\\b8ibmjava13\\.m2\\repository\\org\\jvnet\\staxex\\stax-ex\\1.8\\stax-ex-1.8.jar","sourceContainerUrl":"file:/C:/Users/b8ibmjava13/.m2/repository/org/jvnet/staxex/stax-ex/1.8/stax-ex-1.8-sources.jar","javadocContainerUrl":"file:/C:/Users/b8ibmjava13/.m2/repository/org/jvnet/staxex/stax-ex/1.8/stax-ex-1.8-javadoc.jar","isSystem":false,"isOwn":false,"isTest":false,"isJavaContent":false},{"kind":"binary","path":"C:\\Users\\b8ibmjava13\\.m2\\repository\\com\\sun\\xml\\fastinfoset\\FastInfoset\\1.2.15\\FastInfoset-1.2.15.jar","sourceContainerUrl":"file:/C:/Users/b8ibmjava13/.m2/repository/com/sun/xml/fastinfoset/FastInfoset/1.2.15/FastInfoset-1.2.15-sources.jar","javadocContainerUrl":"file:/C:/Users/b8ibmjava13/.m2/repository/com/sun/xml/fastinfoset/FastInfoset/1.2.15/FastInfoset-1.2.15-javadoc.jar","isSystem":false,"isOwn":false,"isTest":false,"isJavaContent":false},{"kind":"binary","path":"C:\\Users\\b8ibmjava13\\.m2\\repository\\org\\springframework\\data\\spring-data-jpa\\2.1.12.RELEASE\\spring-data-jpa-2.1.12.RELEASE.jar","sourceContainerUrl":"file:/C:/Users/b8ibmjava13/.m2/repository/org/springframework/data/spring-data-jpa/2.1.12.RELEASE/spring-data-jpa-2.1.12.RELEASE-sources.jar","javadocContainerUrl":"file:/C:/Users/b8ibmjava13/.m2/repository/org/springframework/data/spring-data-jpa/2.1.12.RELEASE/spring-data-jpa-2.1.12.RELEASE-javadoc.jar","isSystem":false,"isOwn":false,"isTest":false,"isJavaContent":false},{"kind":"binary","path":"C:\\Users\\b8ibmjava13\\.m2\\repository\\org\\springframework\\data\\spring-data-commons\\2.1.12.RELEASE\\spring-data-commons-2.1.12.RELEASE.jar","sourceContainerUrl":"file:/C:/Users/b8ibmjava13/.m2/repository/org/springframework/data/spring-data-commons/2.1.12.RELEASE/spring-data-commons-2.1.12.RELEASE-sources.jar","javadocContainerUrl":"file:/C:/Users/b8ibmjava13/.m2/repository/org/springframework/data/spring-data-commons/2.1.12.RELEASE/spring-data-commons-2.1.12.RELEASE-javadoc.jar","isSystem":false,"isOwn":false,"isTest":false,"isJavaContent":false},{"kind":"binary","path":"C:\\Users\\b8ibmjava13\\.m2\\repository\\org\\springframework\\spring-orm\\5.1.11.RELEASE\\spring-orm-5.1.11.RELEASE.jar","sourceContainerUrl":"file:/C:/Users/b8ibmjava13/.m2/repository/org/springframework/spring-orm/5.1.11.RELEASE/spring-orm-5.1.11.RELEASE-sources.jar","javadocContainerUrl":"file:/C:/Users/b8ibmjava13/.m2/repository/org/springframework/spring-orm/5.1.11.RELEASE/spring-orm-5.1.11.RELEASE-javadoc.jar","isSystem":false,"isOwn":false,"isTest":false,"isJavaContent":false},{"kind":"binary","path":"C:\\Users\\b8ibmjava13\\.m2\\repository\\org\\springframework\\spring-tx\\5.1.11.RELEASE\\spring-tx-5.1.11.RELEASE.jar","sourceContainerUrl":"file:/C:/Users/b8ibmjava13/.m2/repository/org/springframework/spring-tx/5.1.11.RELEASE/spring-tx-5.1.11.RELEASE-sources.jar","javadocContainerUrl":"file:/C:/Users/b8ibmjava13/.m2/repository/org/springframework/spring-tx/5.1.11.RELEASE/spring-tx-5.1.11.RELEASE-javadoc.jar","isSystem":false,"isOwn":false,"isTest":false,"isJavaContent":false},{"kind":"binary","path":"C:\\Users\\b8ibmjava13\\.m2\\repository\\org\\slf4j\\slf4j-api\\1.7.29\\slf4j-api-1.7.29.jar","sourceContainerUrl":"file:/C:/Users/b8ibmjava13/.m2/repository/org/slf4j/slf4j-api/1.7.29/slf4j-api-1.7.29-sources.jar","javadocContainerUrl":"file:/C:/Users/b8ibmjava13/.m2/repository/org/slf4j/slf4j-api/1.7.29/slf4j-api-1.7.29-javadoc.jar","isSystem":false,"isOwn":false,"isTest":false,"isJavaContent":false},{"kind":"binary","path":"C:\\Users\\b8ibmjava13\\.m2\\repository\\org\\springframework\\spring-aspects\\5.1.11.RELEASE\\spring-aspects-5.1.11.RELEASE.jar","sourceContainerUrl":"file:/C:/Users/b8ibmjava13/.m2/repository/org/springframework/spring-aspects/5.1.11.RELEASE/spring-aspects-5.1.11.RELEASE-sources.jar","javadocContainerUrl":"file:/C:/Users/b8ibmjava13/.m2/repository/org/springframework/spring-aspects/5.1.11.RELEASE/spring-aspects-5.1.11.RELEASE-javadoc.jar","isSystem":false,"isOwn":false,"isTest":false,"isJavaContent":false},{"kind":"binary","path":"C:\\Users\\b8ibmjava13\\.m2\\repository\\org\\springframework\\boot\\spring-boot-starter-web\\2.1.10.RELEASE\\spring-boot-starter-web-2.1.10.RELEASE.jar","sourceContainerUrl":"file:/C:/Users/b8ibmjava13/.m2/repository/org/springframework/boot/spring-boot-starter-web/2.1.10.RELEASE/spring-boot-starter-web-2.1.10.RELEASE-sources.jar","isSystem":false,"isOwn":false,"isTest":false,"isJavaContent":false},{"kind":"binary","path":"C:\\Users\\b8ibmjava13\\.m2\\repository\\org\\springframework\\boot\\spring-boot-starter\\2.1.10.RELEASE\\spring-boot-starter-2.1.10.RELEASE.jar","sourceContainerUrl":"file:/C:/Users/b8ibmjava13/.m2/repository/org/springframework/boot/spring-boot-starter/2.1.10.RELEASE/spring-boot-starter-2.1.10.RELEASE-sources.jar","isSystem":false,"isOwn":false,"isTest":false,"isJavaContent":false},{"kind":"binary","path":"C:\\Users\\b8ibmjava13\\.m2\\repository\\org\\springframework\\boot\\spring-boot-starter-logging\\2.1.10.RELEASE\\spring-boot-starter-logging-2.1.10.RELEASE.jar","sourceContainerUrl":"file:/C:/Users/b8ibmjava13/.m2/repository/org/springframework/boot/spring-boot-starter-logging/2.1.10.RELEASE/spring-boot-starter-logging-2.1.10.RELEASE-sources.jar","isSystem":false,"isOwn":false,"isTest":false,"isJavaContent":false},{"kind":"binary","path":"C:\\Users\\b8ibmjava13\\.m2\\repository\\ch\\qos\\logback\\logback-classic\\1.2.3\\logback-classic-1.2.3.jar","sourceContainerUrl":"file:/C:/Users/b8ibmjava13/.m2/repository/ch/qos/logback/logback-classic/1.2.3/logback-classic-1.2.3-sources.jar","javadocContainerUrl":"file:/C:/Users/b8ibmjava13/.m2/repository/ch/qos/logback/logback-classic/1.2.3/logback-classic-1.2.3-javadoc.jar","isSystem":false,"isOwn":false,"isTest":false,"isJavaContent":false},{"kind":"binary","path":"C:\\Users\\b8ibmjava13\\.m2\\repository\\ch\\qos\\logback\\logback-core\\1.2.3\\logback-core-1.2.3.jar","sourceContainerUrl":"file:/C:/Users/b8ibmjava13/.m2/repository/ch/qos/logback/logback-core/1.2.3/logback-core-1.2.3-sources.jar","javadocContainerUrl":"file:/C:/Users/b8ibmjava13/.m2/repository/ch/qos/logback/logback-core/1.2.3/logback-core-1.2.3-javadoc.jar","isSystem":false,"isOwn":false,"isTest":false,"isJavaContent":false},{"kind":"binary","path":"C:\\Users\\b8ibmjava13\\.m2\\repository\\org\\apache\\logging\\log4j\\log4j-to-slf4j\\2.11.2\\log4j-to-slf4j-2.11.2.jar","sourceContainerUrl":"file:/C:/Users/b8ibmjava13/.m2/repository/org/apache/logging/log4j/log4j-to-slf4j/2.11.2/log4j-to-slf4j-2.11.2-sources.jar","javadocContainerUrl":"file:/C:/Users/b8ibmjava13/.m2/repository/org/apache/logging/log4j/log4j-to-slf4j/2.11.2/log4j-to-slf4j-2.11.2-javadoc.jar","isSystem":false,"isOwn":false,"isTest":false,"isJavaContent":false},{"kind":"binary","path":"C:\\Users\\b8ibmjava13\\.m2\\repository\\org\\apache\\logging\\log4j\\log4j-api\\2.11.2\\log4j-api-2.11.2.jar","sourceContainerUrl":"file:/C:/Users/b8ibmjava13/.m2/repository/org/apache/logging/log4j/log4j-api/2.11.2/log4j-api-2.11.2-sources.jar","javadocContainerUrl":"file:/C:/Users/b8ibmjava13/.m2/repository/org/apache/logging/log4j/log4j-api/2.11.2/log4j-api-2.11.2-javadoc.jar","isSystem":false,"isOwn":false,"isTest":false,"isJavaContent":false},{"kind":"binary","path":"C:\\Users\\b8ibmjava13\\.m2\\repository\\org\\slf4j\\jul-to-slf4j\\1.7.29\\jul-to-slf4j-1.7.29.jar","sourceContainerUrl":"file:/C:/Users/b8ibmjava13/.m2/repository/org/slf4j/jul-to-slf4j/1.7.29/jul-to-slf4j-1.7.29-sources.jar","javadocContainerUrl":"file:/C:/Users/b8ibmjava13/.m2/repository/org/slf4j/jul-to-slf4j/1.7.29/jul-to-slf4j-1.7.29-javadoc.jar","isSystem":false,"isOwn":false,"isTest":false,"isJavaContent":false},{"kind":"binary","path":"C:\\Users\\b8ibmjava13\\.m2\\repository\\javax\\annotation\\javax.annotation-api\\1.3.2\\javax.annotation-api-1.3.2.jar","sourceContainerUrl":"file:/C:/Users/b8ibmjava13/.m2/repository/javax/annotation/javax.annotation-api/1.3.2/javax.annotation-api-1.3.2-sources.jar","javadocContainerUrl":"file:/C:/Users/b8ibmjava13/.m2/repository/javax/annotation/javax.annotation-api/1.3.2/javax.annotation-api-1.3.2-javadoc.jar","isSystem":false,"isOwn":false,"isTest":false,"isJavaContent":false},{"kind":"binary","path":"C:\\Users\\b8ibmjava13\\.m2\\repository\\org\\yaml\\snakeyaml\\1.23\\snakeyaml-1.23.jar","sourceContainerUrl":"file:/C:/Users/b8ibmjava13/.m2/repository/org/yaml/snakeyaml/1.23/snakeyaml-1.23-sources.jar","javadocContainerUrl":"file:/C:/Users/b8ibmjava13/.m2/repository/org/yaml/snakeyaml/1.23/snakeyaml-1.23-javadoc.jar","isSystem":false,"isOwn":false,"isTest":false,"isJavaContent":false},{"kind":"binary","path":"C:\\Users\\b8ibmjava13\\.m2\\repository\\org\\springframework\\boot\\spring-boot-starter-json\\2.1.10.RELEASE\\spring-boot-starter-json-2.1.10.RELEASE.jar","sourceContainerUrl":"file:/C:/Users/b8ibmjava13/.m2/repository/org/springframework/boot/spring-boot-starter-json/2.1.10.RELEASE/spring-boot-starter-json-2.1.10.RELEASE-sources.jar","isSystem":false,"isOwn":false,"isTest":false,"isJavaContent":false},{"kind":"binary","path":"C:\\Users\\b8ibmjava13\\.m2\\repository\\com\\fasterxml\\jackson\\core\\jackson-databind\\2.9.10.1\\jackson-databind-2.9.10.1.jar","sourceContainerUrl":"file:/C:/Users/b8ibmjava13/.m2/repository/com/fasterxml/jackson/core/jackson-databind/2.9.10.1/jackson-databind-2.9.10.1-sources.jar","javadocContainerUrl":"file:/C:/Users/b8ibmjava13/.m2/repository/com/fasterxml/jackson/core/jackson-databind/2.9.10.1/jackson-databind-2.9.10.1-javadoc.jar","isSystem":false,"isOwn":false,"isTest":false,"isJavaContent":false},{"kind":"binary","path":"C:\\Users\\b8ibmjava13\\.m2\\repository\\com\\fasterxml\\jackson\\datatype\\jackson-datatype-jdk8\\2.9.10\\jackson-datatype-jdk8-2.9.10.jar","sourceContainerUrl":"file:/C:/Users/b8ibmjava13/.m2/repository/com/fasterxml/jackson/datatype/jackson-datatype-jdk8/2.9.10/jackson-datatype-jdk8-2.9.10-sources.jar","javadocContainerUrl":"file:/C:/Users/b8ibmjava13/.m2/repository/com/fasterxml/jackson/datatype/jackson-datatype-jdk8/2.9.10/jackson-datatype-jdk8-2.9.10-javadoc.jar","isSystem":false,"isOwn":false,"isTest":false,"isJavaContent":false},{"kind":"binary","path":"C:\\Users\\b8ibmjava13\\.m2\\repository\\com\\fasterxml\\jackson\\datatype\\jackson-datatype-jsr310\\2.9.10\\jackson-datatype-jsr310-2.9.10.jar","sourceContainerUrl":"file:/C:/Users/b8ibmjava13/.m2/repository/com/fasterxml/jackson/datatype/jackson-datatype-jsr310/2.9.10/jackson-datatype-jsr310-2.9.10-sources.jar","javadocContainerUrl":"file:/C:/Users/b8ibmjava13/.m2/repository/com/fasterxml/jackson/datatype/jackson-datatype-jsr310/2.9.10/jackson-datatype-jsr310-2.9.10-javadoc.jar","isSystem":false,"isOwn":false,"isTest":false,"isJavaContent":false},{"kind":"binary","path":"C:\\Users\\b8ibmjava13\\.m2\\repository\\com\\fasterxml\\jackson\\module\\jackson-module-parameter-names\\2.9.10\\jackson-module-parameter-names-2.9.10.jar","sourceContainerUrl":"file:/C:/Users/b8ibmjava13/.m2/repository/com/fasterxml/jackson/module/jackson-module-parameter-names/2.9.10/jackson-module-parameter-names-2.9.10-sources.jar","javadocContainerUrl":"file:/C:/Users/b8ibmjava13/.m2/repository/com/fasterxml/jackson/module/jackson-module-parameter-names/2.9.10/jackson-module-parameter-names-2.9.10-javadoc.jar","isSystem":false,"isOwn":false,"isTest":false,"isJavaContent":false},{"kind":"binary","path":"C:\\Users\\b8ibmjava13\\.m2\\repository\\org\\springframework\\boot\\spring-boot-starter-tomcat\\2.1.10.RELEASE\\spring-boot-starter-tomcat-2.1.10.RELEASE.jar","sourceContainerUrl":"file:/C:/Users/b8ibmjava13/.m2/repository/org/springframework/boot/spring-boot-starter-tomcat/2.1.10.RELEASE/spring-boot-starter-tomcat-2.1.10.RELEASE-sources.jar","isSystem":false,"isOwn":false,"isTest":false,"isJavaContent":false},{"kind":"binary","path":"C:\\Users\\b8ibmjava13\\.m2\\repository\\org\\apache\\tomcat\\embed\\tomcat-embed-core\\9.0.27\\tomcat-embed-core-9.0.27.jar","sourceContainerUrl":"file:/C:/Users/b8ibmjava13/.m2/repository/org/apache/tomcat/embed/tomcat-embed-core/9.0.27/tomcat-embed-core-9.0.27-sources.jar","isSystem":false,"isOwn":false,"isTest":false,"isJavaContent":false},{"kind":"binary","path":"C:\\Users\\b8ibmjava13\\.m2\\repository\\org\\apache\\tomcat\\embed\\tomcat-embed-el\\9.0.27\\tomcat-embed-el-9.0.27.jar","sourceContainerUrl":"file:/C:/Users/b8ibmjava13/.m2/repository/org/apache/tomcat/embed/tomcat-embed-el/9.0.27/tomcat-embed-el-9.0.27-sources.jar","isSystem":false,"isOwn":false,"isTest":false,"isJavaContent":false},{"kind":"binary","path":"C:\\Users\\b8ibmjava13\\.m2\\repository\\org\\apache\\tomcat\\embed\\tomcat-embed-websocket\\9.0.27\\tomcat-embed-websocket-9.0.27.jar","sourceContainerUrl":"file:/C:/Users/b8ibmjava13/.m2/repository/org/apache/tomcat/embed/tomcat-embed-websocket/9.0.27/tomcat-embed-websocket-9.0.27-sources.jar","isSystem":false,"isOwn":false,"isTest":false,"isJavaContent":false},{"kind":"binary","path":"C:\\Users\\b8ibmjava13\\.m2\\repository\\org\\hibernate\\validator\\hibernate-validator\\6.0.18.Final\\hibernate-validator-6.0.18.Final.jar","sourceContainerUrl":"file:/C:/Users/b8ibmjava13/.m2/repository/org/hibernate/validator/hibernate-validator/6.0.18.Final/hibernate-validator-6.0.18.Final-sources.jar","isSystem":false,"isOwn":false,"isTest":false,"isJavaContent":false},{"kind":"binary","path":"C:\\Users\\b8ibmjava13\\.m2\\repository\\javax\\validation\\validation-api\\2.0.1.Final\\validation-api-2.0.1.Final.jar","sourceContainerUrl":"file:/C:/Users/b8ibmjava13/.m2/repository/javax/validation/validation-api/2.0.1.Final/validation-api-2.0.1.Final-sources.jar","javadocContainerUrl":"file:/C:/Users/b8ibmjava13/.m2/repository/javax/validation/validation-api/2.0.1.Final/validation-api-2.0.1.Final-javadoc.jar","isSystem":false,"isOwn":false,"isTest":false,"isJavaContent":false},{"kind":"binary","path":"C:\\Users\\b8ibmjava13\\.m2\\repository\\org\\springframework\\spring-web\\5.1.11.RELEASE\\spring-web-5.1.11.RELEASE.jar","sourceContainerUrl":"file:/C:/Users/b8ibmjava13/.m2/repository/org/springframework/spring-web/5.1.11.RELEASE/spring-web-5.1.11.RELEASE-sources.jar","javadocContainerUrl":"file:/C:/Users/b8ibmjava13/.m2/repository/org/springframework/spring-web/5.1.11.RELEASE/spring-web-5.1.11.RELEASE-javadoc.jar","isSystem":false,"isOwn":false,"isTest":false,"isJavaContent":false},{"kind":"binary","path":"C:\\Users\\b8ibmjava13\\.m2\\repository\\org\\springframework\\spring-webmvc\\5.1.11.RELEASE\\spring-webmvc-5.1.11.RELEASE.jar","sourceContainerUrl":"file:/C:/Users/b8ibmjava13/.m2/repository/org/springframework/spring-webmvc/5.1.11.RELEASE/spring-webmvc-5.1.11.RELEASE-sources.jar","javadocContainerUrl":"file:/C:/Users/b8ibmjava13/.m2/repository/org/springframework/spring-webmvc/5.1.11.RELEASE/spring-webmvc-5.1.11.RELEASE-javadoc.jar","isSystem":false,"isOwn":false,"isTest":false,"isJavaContent":false},{"kind":"binary","path":"C:\\Users\\b8ibmjava13\\.m2\\repository\\org\\springframework\\boot\\spring-boot-devtools\\2.1.10.RELEASE\\spring-boot-devtools-2.1.10.RELEASE.jar","sourceContainerUrl":"file:/C:/Users/b8ibmjava13/.m2/repository/org/springframework/boot/spring-boot-devtools/2.1.10.RELEASE/spring-boot-devtools-2.1.10.RELEASE-sources.jar","javadocContainerUrl":"file:/C:/Users/b8ibmjava13/.m2/repository/org/springframework/boot/spring-boot-devtools/2.1.10.RELEASE/spring-boot-devtools-2.1.10.RELEASE-javadoc.jar","isSystem":false,"isOwn":false,"isTest":false,"isJavaContent":false},{"kind":"binary","path":"C:\\Users\\b8ibmjava13\\.m2\\repository\\org\\springframework\\boot\\spring-boot\\2.1.10.RELEASE\\spring-boot-2.1.10.RELEASE.jar","sourceContainerUrl":"file:/C:/Users/b8ibmjava13/.m2/repository/org/springframework/boot/spring-boot/2.1.10.RELEASE/spring-boot-2.1.10.RELEASE-sources.jar","javadocContainerUrl":"file:/C:/Users/b8ibmjava13/.m2/repository/org/springframework/boot/spring-boot/2.1.10.RELEASE/spring-boot-2.1.10.RELEASE-javadoc.jar","isSystem":false,"isOwn":false,"isTest":false,"isJavaContent":false},{"kind":"binary","path":"C:\\Users\\b8ibmjava13\\.m2\\repository\\org\\springframework\\boot\\spring-boot-autoconfigure\\2.1.10.RELEASE\\spring-boot-autoconfigure-2.1.10.RELEASE.jar","sourceContainerUrl":"file:/C:/Users/b8ibmjava13/.m2/repository/org/springframework/boot/spring-boot-autoconfigure/2.1.10.RELEASE/spring-boot-autoconfigure-2.1.10.RELEASE-sources.jar","javadocContainerUrl":"file:/C:/Users/b8ibmjava13/.m2/repository/org/springframework/boot/spring-boot-autoconfigure/2.1.10.RELEASE/spring-boot-autoconfigure-2.1.10.RELEASE-javadoc.jar","isSystem":false,"isOwn":false,"isTest":false,"isJavaContent":false},{"kind":"binary","path":"C:\\Users\\b8ibmjava13\\.m2\\repository\\mysql\\mysql-connector-java\\8.0.18\\mysql-connector-java-8.0.18.jar","sourceContainerUrl":"file:/C:/Users/b8ibmjava13/.m2/repository/mysql/mysql-connector-java/8.0.18/mysql-connector-java-8.0.18-sources.jar","isSystem":false,"isOwn":false,"isTest":false,"isJavaContent":false},{"kind":"binary","path":"C:\\Users\\b8ibmjava13\\.m2\\repository\\org\\springframework\\security\\spring-security-web\\5.1.7.RELEASE\\spring-security-web-5.1.7.RELEASE.jar","sourceContainerUrl":"file:/C:/Users/b8ibmjava13/.m2/repository/org/springframework/security/spring-security-web/5.1.7.RELEASE/spring-security-web-5.1.7.RELEASE-sources.jar","javadocContainerUrl":"file:/C:/Users/b8ibmjava13/.m2/repository/org/springframework/security/spring-security-web/5.1.7.RELEASE/spring-security-web-5.1.7.RELEASE-javadoc.jar","isSystem":false,"isOwn":false,"isTest":false,"isJavaContent":false},{"kind":"binary","path":"C:\\Users\\b8ibmjava13\\.m2\\repository\\org\\springframework\\spring-aop\\5.1.11.RELEASE\\spring-aop-5.1.11.RELEASE.jar","sourceContainerUrl":"file:/C:/Users/b8ibmjava13/.m2/repository/org/springframework/spring-aop/5.1.11.RELEASE/spring-aop-5.1.11.RELEASE-sources.jar","javadocContainerUrl":"file:/C:/Users/b8ibmjava13/.m2/repository/org/springframework/spring-aop/5.1.11.RELEASE/spring-aop-5.1.11.RELEASE-javadoc.jar","isSystem":false,"isOwn":false,"isTest":false,"isJavaContent":false},{"kind":"binary","path":"C:\\Users\\b8ibmjava13\\.m2\\repository\\org\\springframework\\spring-beans\\5.1.11.RELEASE\\spring-beans-5.1.11.RELEASE.jar","sourceContainerUrl":"file:/C:/Users/b8ibmjava13/.m2/repository/org/springframework/spring-beans/5.1.11.RELEASE/spring-beans-5.1.11.RELEASE-sources.jar","javadocContainerUrl":"file:/C:/Users/b8ibmjava13/.m2/repository/org/springframework/spring-beans/5.1.11.RELEASE/spring-beans-5.1.11.RELEASE-javadoc.jar","isSystem":false,"isOwn":false,"isTest":false,"isJavaContent":false},{"kind":"binary","path":"C:\\Users\\b8ibmjava13\\.m2\\repository\\org\\springframework\\spring-context\\5.1.11.RELEASE\\spring-context-5.1.11.RELEASE.jar","sourceContainerUrl":"file:/C:/Users/b8ibmjava13/.m2/repository/org/springframework/spring-context/5.1.11.RELEASE/spring-context-5.1.11.RELEASE-sources.jar","javadocContainerUrl":"file:/C:/Users/b8ibmjava13/.m2/repository/org/springframework/spring-context/5.1.11.RELEASE/spring-context-5.1.11.RELEASE-javadoc.jar","isSystem":false,"isOwn":false,"isTest":false,"isJavaContent":false},{"kind":"binary","path":"C:\\Users\\b8ibmjava13\\.m2\\repository\\org\\springframework\\spring-core\\5.1.11.RELEASE\\spring-core-5.1.11.RELEASE.jar","sourceContainerUrl":"file:/C:/Users/b8ibmjava13/.m2/repository/org/springframework/spring-core/5.1.11.RELEASE/spring-core-5.1.11.RELEASE-sources.jar","javadocContainerUrl":"file:/C:/Users/b8ibmjava13/.m2/repository/org/springframework/spring-core/5.1.11.RELEASE/spring-core-5.1.11.RELEASE-javadoc.jar","isSystem":false,"isOwn":false,"isTest":false,"isJavaContent":false},{"kind":"binary","path":"C:\\Users\\b8ibmjava13\\.m2\\repository\\org\\springframework\\spring-jcl\\5.1.11.RELEASE\\spring-jcl-5.1.11.RELEASE.jar","sourceContainerUrl":"file:/C:/Users/b8ibmjava13/.m2/repository/org/springframework/spring-jcl/5.1.11.RELEASE/spring-jcl-5.1.11.RELEASE-sources.jar","javadocContainerUrl":"file:/C:/Users/b8ibmjava13/.m2/repository/org/springframework/spring-jcl/5.1.11.RELEASE/spring-jcl-5.1.11.RELEASE-javadoc.jar","isSystem":false,"isOwn":false,"isTest":false,"isJavaContent":false},{"kind":"binary","path":"C:\\Users\\b8ibmjava13\\.m2\\repository\\org\\springframework\\spring-expression\\5.1.11.RELEASE\\spring-expression-5.1.11.RELEASE.jar","sourceContainerUrl":"file:/C:/Users/b8ibmjava13/.m2/repository/org/springframework/spring-expression/5.1.11.RELEASE/spring-expression-5.1.11.RELEASE-sources.jar","javadocContainerUrl":"file:/C:/Users/b8ibmjava13/.m2/repository/org/springframework/spring-expression/5.1.11.RELEASE/spring-expression-5.1.11.RELEASE-javadoc.jar","isSystem":false,"isOwn":false,"isTest":false,"isJavaContent":false},{"kind":"binary","path":"C:\\Users\\b8ibmjava13\\.m2\\repository\\org\\springframework\\security\\spring-security-core\\5.1.7.RELEASE\\spring-security-core-5.1.7.RELEASE.jar","sourceContainerUrl":"file:/C:/Users/b8ibmjava13/.m2/repository/org/springframework/security/spring-security-core/5.1.7.RELEASE/spring-security-core-5.1.7.RELEASE-sources.jar","javadocContainerUrl":"file:/C:/Users/b8ibmjava13/.m2/repository/org/springframework/security/spring-security-core/5.1.7.RELEASE/spring-security-core-5.1.7.RELEASE-javadoc.jar","isSystem":false,"isOwn":false,"isTest":false,"isJavaContent":false},{"kind":"binary","path":"C:\\Users\\b8ibmjava13\\.m2\\repository\\org\\springframework\\boot\\spring-boot-starter-test\\2.1.10.RELEASE\\spring-boot-starter-test-2.1.10.RELEASE.jar","sourceContainerUrl":"file:/C:/Users/b8ibmjava13/.m2/repository/org/springframework/boot/spring-boot-starter-test/2.1.10.RELEASE/spring-boot-starter-test-2.1.10.RELEASE-sources.jar","isSystem":false,"isOwn":false,"isTest":false,"isJavaContent":false},{"kind":"binary","path":"C:\\Users\\b8ibmjava13\\.m2\\repository\\org\\springframework\\boot\\spring-boot-test\\2.1.10.RELEASE\\spring-boot-test-2.1.10.RELEASE.jar","sourceContainerUrl":"file:/C:/Users/b8ibmjava13/.m2/repository/org/springframework/boot/spring-boot-test/2.1.10.RELEASE/spring-boot-test-2.1.10.RELEASE-sources.jar","javadocContainerUrl":"file:/C:/Users/b8ibmjava13/.m2/repository/org/springframework/boot/spring-boot-test/2.1.10.RELEASE/spring-boot-test-2.1.10.RELEASE-javadoc.jar","isSystem":false,"isOwn":false,"isTest":false,"isJavaContent":false},{"kind":"binary","path":"C:\\Users\\b8ibmjava13\\.m2\\repository\\org\\springframework\\boot\\spring-boot-test-autoconfigure\\2.1.10.RELEASE\\spring-boot-test-autoconfigure-2.1.10.RELEASE.jar","sourceContainerUrl":"file:/C:/Users/b8ibmjava13/.m2/repository/org/springframework/boot/spring-boot-test-autoconfigure/2.1.10.RELEASE/spring-boot-test-autoconfigure-2.1.10.RELEASE-sources.jar","javadocContainerUrl":"file:/C:/Users/b8ibmjava13/.m2/repository/org/springframework/boot/spring-boot-test-autoconfigure/2.1.10.RELEASE/spring-boot-test-autoconfigure-2.1.10.RELEASE-javadoc.jar","isSystem":false,"isOwn":false,"isTest":false,"isJavaContent":false},{"kind":"binary","path":"C:\\Users\\b8ibmjava13\\.m2\\repository\\com\\jayway\\jsonpath\\json-path\\2.4.0\\json-path-2.4.0.jar","sourceContainerUrl":"file:/C:/Users/b8ibmjava13/.m2/repository/com/jayway/jsonpath/json-path/2.4.0/json-path-2.4.0-sources.jar","javadocContainerUrl":"file:/C:/Users/b8ibmjava13/.m2/repository/com/jayway/jsonpath/json-path/2.4.0/json-path-2.4.0-javadoc.jar","isSystem":false,"isOwn":false,"isTest":false,"isJavaContent":false},{"kind":"binary","path":"C:\\Users\\b8ibmjava13\\.m2\\repository\\net\\minidev\\json-smart\\2.3\\json-smart-2.3.jar","sourceContainerUrl":"file:/C:/Users/b8ibmjava13/.m2/repository/net/minidev/json-smart/2.3/json-smart-2.3-sources.jar","javadocContainerUrl":"file:/C:/Users/b8ibmjava13/.m2/repository/net/minidev/json-smart/2.3/json-smart-2.3-javadoc.jar","isSystem":false,"isOwn":false,"isTest":false,"isJavaContent":false},{"kind":"binary","path":"C:\\Users\\b8ibmjava13\\.m2\\repository\\net\\minidev\\accessors-smart\\1.2\\accessors-smart-1.2.jar","sourceContainerUrl":"file:/C:/Users/b8ibmjava13/.m2/repository/net/minidev/accessors-smart/1.2/accessors-smart-1.2-sources.jar","javadocContainerUrl":"file:/C:/Users/b8ibmjava13/.m2/repository/net/minidev/accessors-smart/1.2/accessors-smart-1.2-javadoc.jar","isSystem":false,"isOwn":false,"isTest":false,"isJavaContent":false},{"kind":"binary","path":"C:\\Users\\b8ibmjava13\\.m2\\repository\\org\\ow2\\asm\\asm\\5.0.4\\asm-5.0.4.jar","sourceContainerUrl":"file:/C:/Users/b8ibmjava13/.m2/repository/org/ow2/asm/asm/5.0.4/asm-5.0.4-sources.jar","javadocContainerUrl":"file:/C:/Users/b8ibmjava13/.m2/repository/org/ow2/asm/asm/5.0.4/asm-5.0.4-javadoc.jar","isSystem":false,"isOwn":false,"isTest":false,"isJavaContent":false},{"kind":"binary","path":"C:\\Users\\b8ibmjava13\\.m2\\repository\\junit\\junit\\4.12\\junit-4.12.jar","sourceContainerUrl":"file:/C:/Users/b8ibmjava13/.m2/repository/junit/junit/4.12/junit-4.12-sources.jar","javadocContainerUrl":"file:/C:/Users/b8ibmjava13/.m2/repository/junit/junit/4.12/junit-4.12-javadoc.jar","isSystem":false,"isOwn":false,"isTest":false,"isJavaContent":false},{"kind":"binary","path":"C:\\Users\\b8ibmjava13\\.m2\\repository\\org\\assertj\\assertj-core\\3.11.1\\assertj-core-3.11.1.jar","sourceContainerUrl":"file:/C:/Users/b8ibmjava13/.m2/repository/org/assertj/assertj-core/3.11.1/assertj-core-3.11.1-sources.jar","javadocContainerUrl":"file:/C:/Users/b8ibmjava13/.m2/repository/org/assertj/assertj-core/3.11.1/assertj-core-3.11.1-javadoc.jar","isSystem":false,"isOwn":false,"isTest":false,"isJavaContent":false},{"kind":"binary","path":"C:\\Users\\b8ibmjava13\\.m2\\repository\\org\\mockito\\mockito-core\\2.23.4\\mockito-core-2.23.4.jar","sourceContainerUrl":"file:/C:/Users/b8ibmjava13/.m2/repository/org/mockito/mockito-core/2.23.4/mockito-core-2.23.4-sources.jar","javadocContainerUrl":"file:/C:/Users/b8ibmjava13/.m2/repository/org/mockito/mockito-core/2.23.4/mockito-core-2.23.4-javadoc.jar","isSystem":false,"isOwn":false,"isTest":false,"isJavaContent":false},{"kind":"binary","path":"C:\\Users\\b8ibmjava13\\.m2\\repository\\net\\bytebuddy\\byte-buddy-agent\\1.9.16\\byte-buddy-agent-1.9.16.jar","sourceContainerUrl":"file:/C:/Users/b8ibmjava13/.m2/repository/net/bytebuddy/byte-buddy-agent/1.9.16/byte-buddy-agent-1.9.16-sources.jar","javadocContainerUrl":"file:/C:/Users/b8ibmjava13/.m2/repository/net/bytebuddy/byte-buddy-agent/1.9.16/byte-buddy-agent-1.9.16-javadoc.jar","isSystem":false,"isOwn":false,"isTest":false,"isJavaContent":false},{"kind":"binary","path":"C:\\Users\\b8ibmjava13\\.m2\\repository\\org\\objenesis\\objenesis\\2.6\\objenesis-2.6.jar","sourceContainerUrl":"file:/C:/Users/b8ibmjava13/.m2/repository/org/objenesis/objenesis/2.6/objenesis-2.6-sources.jar","javadocContainerUrl":"file:/C:/Users/b8ibmjava13/.m2/repository/org/objenesis/objenesis/2.6/objenesis-2.6-javadoc.jar","isSystem":false,"isOwn":false,"isTest":false,"isJavaContent":false},{"kind":"binary","path":"C:\\Users\\b8ibmjava13\\.m2\\repository\\org\\hamcrest\\hamcrest-core\\1.3\\hamcrest-core-1.3.jar","sourceContainerUrl":"file:/C:/Users/b8ibmjava13/.m2/repository/org/hamcrest/hamcrest-core/1.3/hamcrest-core-1.3-sources.jar","javadocContainerUrl":"file:/C:/Users/b8ibmjava13/.m2/repository/org/hamcrest/hamcrest-core/1.3/hamcrest-core-1.3-javadoc.jar","isSystem":false,"isOwn":false,"isTest":false,"isJavaContent":false},{"kind":"binary","path":"C:\\Users\\b8ibmjava13\\.m2\\repository\\org\\hamcrest\\hamcrest-library\\1.3\\hamcrest-library-1.3.jar","sourceContainerUrl":"file:/C:/Users/b8ibmjava13/.m2/repository/org/hamcrest/hamcrest-library/1.3/hamcrest-library-1.3-sources.jar","javadocContainerUrl":"file:/C:/Users/b8ibmjava13/.m2/repository/org/hamcrest/hamcrest-library/1.3/hamcrest-library-1.3-javadoc.jar","isSystem":false,"isOwn":false,"isTest":false,"isJavaContent":false},{"kind":"binary","path":"C:\\Users\\b8ibmjava13\\.m2\\repository\\org\\skyscreamer\\jsonassert\\1.5.0\\jsonassert-1.5.0.jar","sourceContainerUrl":"file:/C:/Users/b8ibmjava13/.m2/repository/org/skyscreamer/jsonassert/1.5.0/jsonassert-1.5.0-sources.jar","javadocContainerUrl":"file:/C:/Users/b8ibmjava13/.m2/repository/org/skyscreamer/jsonassert/1.5.0/jsonassert-1.5.0-javadoc.jar","isSystem":false,"isOwn":false,"isTest":false,"isJavaContent":false},{"kind":"binary","path":"C:\\Users\\b8ibmjava13\\.m2\\repository\\com\\vaadin\\external\\google\\android-json\\0.0.20131108.vaadin1\\android-json-0.0.20131108.vaadin1.jar","sourceContainerUrl":"file:/C:/Users/b8ibmjava13/.m2/repository/com/vaadin/external/google/android-json/0.0.20131108.vaadin1/android-json-0.0.20131108.vaadin1-sources.jar","javadocContainerUrl":"file:/C:/Users/b8ibmjava13/.m2/repository/com/vaadin/external/google/android-json/0.0.20131108.vaadin1/android-json-0.0.20131108.vaadin1-javadoc.jar","isSystem":false,"isOwn":false,"isTest":false,"isJavaContent":false},{"kind":"binary","path":"C:\\Users\\b8ibmjava13\\.m2\\repository\\org\\springframework\\spring-test\\5.1.11.RELEASE\\spring-test-5.1.11.RELEASE.jar","sourceContainerUrl":"file:/C:/Users/b8ibmjava13/.m2/repository/org/springframework/spring-test/5.1.11.RELEASE/spring-test-5.1.11.RELEASE-sources.jar","javadocContainerUrl":"file:/C:/Users/b8ibmjava13/.m2/repository/org/springframework/spring-test/5.1.11.RELEASE/spring-test-5.1.11.RELEASE-javadoc.jar","isSystem":false,"isOwn":false,"isTest":false,"isJavaContent":false},{"kind":"binary","path":"C:\\Users\\b8ibmjava13\\.m2\\repository\\org\\xmlunit\\xmlunit-core\\2.6.3\\xmlunit-core-2.6.3.jar","sourceContainerUrl":"file:/C:/Users/b8ibmjava13/.m2/repository/org/xmlunit/xmlunit-core/2.6.3/xmlunit-core-2.6.3-sources.jar","javadocContainerUrl":"file:/C:/Users/b8ibmjava13/.m2/repository/org/xmlunit/xmlunit-core/2.6.3/xmlunit-core-2.6.3-javadoc.jar","isSystem":false,"isOwn":false,"isTest":false,"isJavaContent":false},{"kind":"binary","path":"C:\\Users\\b8ibmjava13\\.m2\\repository\\org\\projectlombok\\lombok\\1.18.10\\lombok-1.18.10.jar","sourceContainerUrl":"file:/C:/Users/b8ibmjava13/.m2/repository/org/projectlombok/lombok/1.18.10/lombok-1.18.10-sources.jar","javadocContainerUrl":"file:/C:/Users/b8ibmjava13/.m2/repository/org/projectlombok/lombok/1.18.10/lombok-1.18.10-javadoc.jar","isSystem":false,"isOwn":false,"isTest":false,"isJavaContent":false},{"kind":"binary","path":"C:\\Users\\b8ibmjava13\\.m2\\repository\\org\\springframework\\cloud\\spring-cloud-starter-netflix-eureka-client\\2.1.4.RELEASE\\spring-cloud-starter-netflix-eureka-client-2.1.4.RELEASE.jar","javadocContainerUrl":"file:/C:/Users/b8ibmjava13/.m2/repository/org/springframework/cloud/spring-cloud-starter-netflix-eureka-client/2.1.4.RELEASE/spring-cloud-starter-netflix-eureka-client-2.1.4.RELEASE-javadoc.jar","isSystem":false,"isOwn":false,"isTest":false,"isJavaContent":false},{"kind":"binary","path":"C:\\Users\\b8ibmjava13\\.m2\\repository\\org\\springframework\\cloud\\spring-cloud-starter\\2.1.4.RELEASE\\spring-cloud-starter-2.1.4.RELEASE.jar","isSystem":false,"isOwn":false,"isTest":false,"isJavaContent":false},{"kind":"binary","path":"C:\\Users\\b8ibmjava13\\.m2\\repository\\org\\springframework\\cloud\\spring-cloud-context\\2.1.4.RELEASE\\spring-cloud-context-2.1.4.RELEASE.jar","sourceContainerUrl":"file:/C:/Users/b8ibmjava13/.m2/repository/org/springframework/cloud/spring-cloud-context/2.1.4.RELEASE/spring-cloud-context-2.1.4.RELEASE-sources.jar","javadocContainerUrl":"file:/C:/Users/b8ibmjava13/.m2/repository/org/springframework/cloud/spring-cloud-context/2.1.4.RELEASE/spring-cloud-context-2.1.4.RELEASE-javadoc.jar","isSystem":false,"isOwn":false,"isTest":false,"isJavaContent":false},{"kind":"binary","path":"C:\\Users\\b8ibmjava13\\.m2\\repository\\org\\springframework\\security\\spring-security-crypto\\5.1.7.RELEASE\\spring-security-crypto-5.1.7.RELEASE.jar","sourceContainerUrl":"file:/C:/Users/b8ibmjava13/.m2/repository/org/springframework/security/spring-security-crypto/5.1.7.RELEASE/spring-security-crypto-5.1.7.RELEASE-sources.jar","javadocContainerUrl":"file:/C:/Users/b8ibmjava13/.m2/repository/org/springframework/security/spring-security-crypto/5.1.7.RELEASE/spring-security-crypto-5.1.7.RELEASE-javadoc.jar","isSystem":false,"isOwn":false,"isTest":false,"isJavaContent":false},{"kind":"binary","path":"C:\\Users\\b8ibmjava13\\.m2\\repository\\org\\springframework\\cloud\\spring-cloud-commons\\2.1.4.RELEASE\\spring-cloud-commons-2.1.4.RELEASE.jar","sourceContainerUrl":"file:/C:/Users/b8ibmjava13/.m2/repository/org/springframework/cloud/spring-cloud-commons/2.1.4.RELEASE/spring-cloud-commons-2.1.4.RELEASE-sources.jar","javadocContainerUrl":"file:/C:/Users/b8ibmjava13/.m2/repository/org/springframework/cloud/spring-cloud-commons/2.1.4.RELEASE/spring-cloud-commons-2.1.4.RELEASE-javadoc.jar","isSystem":false,"isOwn":false,"isTest":false,"isJavaContent":false},{"kind":"binary","path":"C:\\Users\\b8ibmjava13\\.m2\\repository\\org\\springframework\\security\\spring-security-rsa\\1.0.7.RELEASE\\spring-security-rsa-1.0.7.RELEASE.jar","sourceContainerUrl":"file:/C:/Users/b8ibmjava13/.m2/repository/org/springframework/security/spring-security-rsa/1.0.7.RELEASE/spring-security-rsa-1.0.7.RELEASE-sources.jar","javadocContainerUrl":"file:/C:/Users/b8ibmjava13/.m2/repository/org/springframework/security/spring-security-rsa/1.0.7.RELEASE/spring-security-rsa-1.0.7.RELEASE-javadoc.jar","isSystem":false,"isOwn":false,"isTest":false,"isJavaContent":false},{"kind":"binary","path":"C:\\Users\\b8ibmjava13\\.m2\\repository\\org\\bouncycastle\\bcpkix-jdk15on\\1.60\\bcpkix-jdk15on-1.60.jar","sourceContainerUrl":"file:/C:/Users/b8ibmjava13/.m2/repository/org/bouncycastle/bcpkix-jdk15on/1.60/bcpkix-jdk15on-1.60-sources.jar","javadocContainerUrl":"file:/C:/Users/b8ibmjava13/.m2/repository/org/bouncycastle/bcpkix-jdk15on/1.60/bcpkix-jdk15on-1.60-javadoc.jar","isSystem":false,"isOwn":false,"isTest":false,"isJavaContent":false},{"kind":"binary","path":"C:\\Users\\b8ibmjava13\\.m2\\repository\\org\\bouncycastle\\bcprov-jdk15on\\1.60\\bcprov-jdk15on-1.60.jar","sourceContainerUrl":"file:/C:/Users/b8ibmjava13/.m2/repository/org/bouncycastle/bcprov-jdk15on/1.60/bcprov-jdk15on-1.60-sources.jar","javadocContainerUrl":"file:/C:/Users/b8ibmjava13/.m2/repository/org/bouncycastle/bcprov-jdk15on/1.60/bcprov-jdk15on-1.60-javadoc.jar","isSystem":false,"isOwn":false,"isTest":false,"isJavaContent":false},{"kind":"binary","path":"C:\\Users\\b8ibmjava13\\.m2\\repository\\org\\springframework\\cloud\\spring-cloud-netflix-hystrix\\2.1.4.RELEASE\\spring-cloud-netflix-hystrix-2.1.4.RELEASE.jar","sourceContainerUrl":"file:/C:/Users/b8ibmjava13/.m2/repository/org/springframework/cloud/spring-cloud-netflix-hystrix/2.1.4.RELEASE/spring-cloud-netflix-hystrix-2.1.4.RELEASE-sources.jar","javadocContainerUrl":"file:/C:/Users/b8ibmjava13/.m2/repository/org/springframework/cloud/spring-cloud-netflix-hystrix/2.1.4.RELEASE/spring-cloud-netflix-hystrix-2.1.4.RELEASE-javadoc.jar","isSystem":false,"isOwn":false,"isTest":false,"isJavaContent":false},{"kind":"binary","path":"C:\\Users\\b8ibmjava13\\.m2\\repository\\org\\springframework\\cloud\\spring-cloud-netflix-eureka-client\\2.1.4.RELEASE\\spring-cloud-netflix-eureka-client-2.1.4.RELEASE.jar","sourceContainerUrl":"file:/C:/Users/b8ibmjava13/.m2/repository/org/springframework/cloud/spring-cloud-netflix-eureka-client/2.1.4.RELEASE/spring-cloud-netflix-eureka-client-2.1.4.RELEASE-sources.jar","javadocContainerUrl":"file:/C:/Users/b8ibmjava13/.m2/repository/org/springframework/cloud/spring-cloud-netflix-eureka-client/2.1.4.RELEASE/spring-cloud-netflix-eureka-client-2.1.4.RELEASE-javadoc.jar","isSystem":false,"isOwn":false,"isTest":false,"isJavaContent":false},{"kind":"binary","path":"C:\\Users\\b8ibmjava13\\.m2\\repository\\com\\netflix\\eureka\\eureka-client\\1.9.13\\eureka-client-1.9.13.jar","sourceContainerUrl":"file:/C:/Users/b8ibmjava13/.m2/repository/com/netflix/eureka/eureka-client/1.9.13/eureka-client-1.9.13-sources.jar","javadocContainerUrl":"file:/C:/Users/b8ibmjava13/.m2/repository/com/netflix/eureka/eureka-client/1.9.13/eureka-client-1.9.13-javadoc.jar","isSystem":false,"isOwn":false,"isTest":false,"isJavaContent":false},{"kind":"binary","path":"C:\\Users\\b8ibmjava13\\.m2\\repository\\org\\codehaus\\jettison\\jettison\\1.3.7\\jettison-1.3.7.jar","sourceContainerUrl":"file:/C:/Users/b8ibmjava13/.m2/repository/org/codehaus/jettison/jettison/1.3.7/jettison-1.3.7-sources.jar","javadocContainerUrl":"file:/C:/Users/b8ibmjava13/.m2/repository/org/codehaus/jettison/jettison/1.3.7/jettison-1.3.7-javadoc.jar","isSystem":false,"isOwn":false,"isTest":false,"isJavaContent":false},{"kind":"binary","path":"C:\\Users\\b8ibmjava13\\.m2\\repository\\stax\\stax-api\\1.0.1\\stax-api-1.0.1.jar","isSystem":false,"isOwn":false,"isTest":false,"isJavaContent":false},{"kind":"binary","path":"C:\\Users\\b8ibmjava13\\.m2\\repository\\com\\netflix\\netflix-commons\\netflix-eventbus\\0.3.0\\netflix-eventbus-0.3.0.jar","sourceContainerUrl":"file:/C:/Users/b8ibmjava13/.m2/repository/com/netflix/netflix-commons/netflix-eventbus/0.3.0/netflix-eventbus-0.3.0-sources.jar","javadocContainerUrl":"file:/C:/Users/b8ibmjava13/.m2/repository/com/netflix/netflix-commons/netflix-eventbus/0.3.0/netflix-eventbus-0.3.0-javadoc.jar","isSystem":false,"isOwn":false,"isTest":false,"isJavaContent":false},{"kind":"binary","path":"C:\\Users\\b8ibmjava13\\.m2\\repository\\com\\netflix\\netflix-commons\\netflix-infix\\0.3.0\\netflix-infix-0.3.0.jar","sourceContainerUrl":"file:/C:/Users/b8ibmjava13/.m2/repository/com/netflix/netflix-commons/netflix-infix/0.3.0/netflix-infix-0.3.0-sources.jar","javadocContainerUrl":"file:/C:/Users/b8ibmjava13/.m2/repository/com/netflix/netflix-commons/netflix-infix/0.3.0/netflix-infix-0.3.0-javadoc.jar","isSystem":false,"isOwn":false,"isTest":false,"isJavaContent":false},{"kind":"binary","path":"C:\\Users\\b8ibmjava13\\.m2\\repository\\commons-jxpath\\commons-jxpath\\1.3\\commons-jxpath-1.3.jar","sourceContainerUrl":"file:/C:/Users/b8ibmjava13/.m2/repository/commons-jxpath/commons-jxpath/1.3/commons-jxpath-1.3-sources.jar","javadocContainerUrl":"file:/C:/Users/b8ibmjava13/.m2/repository/commons-jxpath/commons-jxpath/1.3/commons-jxpath-1.3-javadoc.jar","isSystem":false,"isOwn":false,"isTest":false,"isJavaContent":false},{"kind":"binary","path":"C:\\Users\\b8ibmjava13\\.m2\\repository\\joda-time\\joda-time\\2.10.5\\joda-time-2.10.5.jar","sourceContainerUrl":"file:/C:/Users/b8ibmjava13/.m2/repository/joda-time/joda-time/2.10.5/joda-time-2.10.5-sources.jar","javadocContainerUrl":"file:/C:/Users/b8ibmjava13/.m2/repository/joda-time/joda-time/2.10.5/joda-time-2.10.5-javadoc.jar","isSystem":false,"isOwn":false,"isTest":false,"isJavaContent":false},{"kind":"binary","path":"C:\\Users\\b8ibmjava13\\.m2\\repository\\org\\antlr\\antlr-runtime\\3.4\\antlr-runtime-3.4.jar","sourceContainerUrl":"file:/C:/Users/b8ibmjava13/.m2/repository/org/antlr/antlr-runtime/3.4/antlr-runtime-3.4-sources.jar","javadocContainerUrl":"file:/C:/Users/b8ibmjava13/.m2/repository/org/antlr/antlr-runtime/3.4/antlr-runtime-3.4-javadoc.jar","isSystem":false,"isOwn":false,"isTest":false,"isJavaContent":false},{"kind":"binary","path":"C:\\Users\\b8ibmjava13\\.m2\\repository\\org\\antlr\\stringtemplate\\3.2.1\\stringtemplate-3.2.1.jar","sourceContainerUrl":"file:/C:/Users/b8ibmjava13/.m2/repository/org/antlr/stringtemplate/3.2.1/stringtemplate-3.2.1-sources.jar","isSystem":false,"isOwn":false,"isTest":false,"isJavaContent":false},{"kind":"binary","path":"C:\\Users\\b8ibmjava13\\.m2\\repository\\com\\google\\code\\gson\\gson\\2.8.6\\gson-2.8.6.jar","sourceContainerUrl":"file:/C:/Users/b8ibmjava13/.m2/repository/com/google/code/gson/gson/2.8.6/gson-2.8.6-sources.jar","javadocContainerUrl":"file:/C:/Users/b8ibmjava13/.m2/repository/com/google/code/gson/gson/2.8.6/gson-2.8.6-javadoc.jar","isSystem":false,"isOwn":false,"isTest":false,"isJavaContent":false},{"kind":"binary","path":"C:\\Users\\b8ibmjava13\\.m2\\repository\\org\\apache\\commons\\commons-math\\2.2\\commons-math-2.2.jar","sourceContainerUrl":"file:/C:/Users/b8ibmjava13/.m2/repository/org/apache/commons/commons-math/2.2/commons-math-2.2-sources.jar","javadocContainerUrl":"file:/C:/Users/b8ibmjava13/.m2/repository/org/apache/commons/commons-math/2.2/commons-math-2.2-javadoc.jar","isSystem":false,"isOwn":false,"isTest":false,"isJavaContent":false},{"kind":"binary","path":"C:\\Users\\b8ibmjava13\\.m2\\repository\\com\\netflix\\archaius\\archaius-core\\0.7.6\\archaius-core-0.7.6.jar","sourceContainerUrl":"file:/C:/Users/b8ibmjava13/.m2/repository/com/netflix/archaius/archaius-core/0.7.6/archaius-core-0.7.6-sources.jar","javadocContainerUrl":"file:/C:/Users/b8ibmjava13/.m2/repository/com/netflix/archaius/archaius-core/0.7.6/archaius-core-0.7.6-javadoc.jar","isSystem":false,"isOwn":false,"isTest":false,"isJavaContent":false},{"kind":"binary","path":"C:\\Users\\b8ibmjava13\\.m2\\repository\\com\\google\\guava\\guava\\16.0\\guava-16.0.jar","sourceContainerUrl":"file:/C:/Users/b8ibmjava13/.m2/repository/com/google/guava/guava/16.0/guava-16.0-sources.jar","javadocContainerUrl":"file:/C:/Users/b8ibmjava13/.m2/repository/com/google/guava/guava/16.0/guava-16.0-javadoc.jar","isSystem":false,"isOwn":false,"isTest":false,"isJavaContent":false},{"kind":"binary","path":"C:\\Users\\b8ibmjava13\\.m2\\repository\\javax\\ws\\rs\\jsr311-api\\1.1.1\\jsr311-api-1.1.1.jar","sourceContainerUrl":"file:/C:/Users/b8ibmjava13/.m2/repository/javax/ws/rs/jsr311-api/1.1.1/jsr311-api-1.1.1-sources.jar","javadocContainerUrl":"file:/C:/Users/b8ibmjava13/.m2/repository/javax/ws/rs/jsr311-api/1.1.1/jsr311-api-1.1.1-javadoc.jar","isSystem":false,"isOwn":false,"isTest":false,"isJavaContent":false},{"kind":"binary","path":"C:\\Users\\b8ibmjava13\\.m2\\repository\\com\\netflix\\servo\\servo-core\\0.12.21\\servo-core-0.12.21.jar","sourceContainerUrl":"file:/C:/Users/b8ibmjava13/.m2/repository/com/netflix/servo/servo-core/0.12.21/servo-core-0.12.21-sources.jar","javadocContainerUrl":"file:/C:/Users/b8ibmjava13/.m2/repository/com/netflix/servo/servo-core/0.12.21/servo-core-0.12.21-javadoc.jar","isSystem":false,"isOwn":false,"isTest":false,"isJavaContent":false},{"kind":"binary","path":"C:\\Users\\b8ibmjava13\\.m2\\repository\\com\\sun\\jersey\\jersey-core\\1.19.1\\jersey-core-1.19.1.jar","sourceContainerUrl":"file:/C:/Users/b8ibmjava13/.m2/repository/com/sun/jersey/jersey-core/1.19.1/jersey-core-1.19.1-sources.jar","javadocContainerUrl":"file:/C:/Users/b8ibmjava13/.m2/repository/com/sun/jersey/jersey-core/1.19.1/jersey-core-1.19.1-javadoc.jar","isSystem":false,"isOwn":false,"isTest":false,"isJavaContent":false},{"kind":"binary","path":"C:\\Users\\b8ibmjava13\\.m2\\repository\\com\\sun\\jersey\\jersey-client\\1.19.1\\jersey-client-1.19.1.jar","sourceContainerUrl":"file:/C:/Users/b8ibmjava13/.m2/repository/com/sun/jersey/jersey-client/1.19.1/jersey-client-1.19.1-sources.jar","javadocContainerUrl":"file:/C:/Users/b8ibmjava13/.m2/repository/com/sun/jersey/jersey-client/1.19.1/jersey-client-1.19.1-javadoc.jar","isSystem":false,"isOwn":false,"isTest":false,"isJavaContent":false},{"kind":"binary","path":"C:\\Users\\b8ibmjava13\\.m2\\repository\\com\\sun\\jersey\\contribs\\jersey-apache-client4\\1.19.1\\jersey-apache-client4-1.19.1.jar","sourceContainerUrl":"file:/C:/Users/b8ibmjava13/.m2/repository/com/sun/jersey/contribs/jersey-apache-client4/1.19.1/jersey-apache-client4-1.19.1-sources.jar","javadocContainerUrl":"file:/C:/Users/b8ibmjava13/.m2/repository/com/sun/jersey/contribs/jersey-apache-client4/1.19.1/jersey-apache-client4-1.19.1-javadoc.jar","isSystem":false,"isOwn":false,"isTest":false,"isJavaContent":false},{"kind":"binary","path":"C:\\Users\\b8ibmjava13\\.m2\\repository\\org\\apache\\httpcomponents\\httpclient\\4.5.10\\httpclient-4.5.10.jar","sourceContainerUrl":"file:/C:/Users/b8ibmjava13/.m2/repository/org/apache/httpcomponents/httpclient/4.5.10/httpclient-4.5.10-sources.jar","javadocContainerUrl":"file:/C:/Users/b8ibmjava13/.m2/repository/org/apache/httpcomponents/httpclient/4.5.10/httpclient-4.5.10-javadoc.jar","isSystem":false,"isOwn":false,"isTest":false,"isJavaContent":false},{"kind":"binary","path":"C:\\Users\\b8ibmjava13\\.m2\\repository\\org\\apache\\httpcomponents\\httpcore\\4.4.12\\httpcore-4.4.12.jar","sourceContainerUrl":"file:/C:/Users/b8ibmjava13/.m2/repository/org/apache/httpcomponents/httpcore/4.4.12/httpcore-4.4.12-sources.jar","javadocContainerUrl":"file:/C:/Users/b8ibmjava13/.m2/repository/org/apache/httpcomponents/httpcore/4.4.12/httpcore-4.4.12-javadoc.jar","isSystem":false,"isOwn":false,"isTest":false,"isJavaContent":false},{"kind":"binary","path":"C:\\Users\\b8ibmjava13\\.m2\\repository\\commons-codec\\commons-codec\\1.11\\commons-codec-1.11.jar","sourceContainerUrl":"file:/C:/Users/b8ibmjava13/.m2/repository/commons-codec/commons-codec/1.11/commons-codec-1.11-sources.jar","javadocContainerUrl":"file:/C:/Users/b8ibmjava13/.m2/repository/commons-codec/commons-codec/1.11/commons-codec-1.11-javadoc.jar","isSystem":false,"isOwn":false,"isTest":false,"isJavaContent":false},{"kind":"binary","path":"C:\\Users\\b8ibmjava13\\.m2\\repository\\com\\google\\inject\\guice\\4.1.0\\guice-4.1.0.jar","sourceContainerUrl":"file:/C:/Users/b8ibmjava13/.m2/repository/com/google/inject/guice/4.1.0/guice-4.1.0-sources.jar","javadocContainerUrl":"file:/C:/Users/b8ibmjava13/.m2/repository/com/google/inject/guice/4.1.0/guice-4.1.0-javadoc.jar","isSystem":false,"isOwn":false,"isTest":false,"isJavaContent":false},{"kind":"binary","path":"C:\\Users\\b8ibmjava13\\.m2\\repository\\javax\\inject\\javax.inject\\1\\javax.inject-1.jar","sourceContainerUrl":"file:/C:/Users/b8ibmjava13/.m2/repository/javax/inject/javax.inject/1/javax.inject-1-sources.jar","javadocContainerUrl":"file:/C:/Users/b8ibmjava13/.m2/repository/javax/inject/javax.inject/1/javax.inject-1-javadoc.jar","isSystem":false,"isOwn":false,"isTest":false,"isJavaContent":false},{"kind":"binary","path":"C:\\Users\\b8ibmjava13\\.m2\\repository\\aopalliance\\aopalliance\\1.0\\aopalliance-1.0.jar","sourceContainerUrl":"file:/C:/Users/b8ibmjava13/.m2/repository/aopalliance/aopalliance/1.0/aopalliance-1.0-sources.jar","isSystem":false,"isOwn":false,"isTest":false,"isJavaContent":false},{"kind":"binary","path":"C:\\Users\\b8ibmjava13\\.m2\\repository\\com\\fasterxml\\jackson\\core\\jackson-annotations\\2.9.10\\jackson-annotations-2.9.10.jar","sourceContainerUrl":"file:/C:/Users/b8ibmjava13/.m2/repository/com/fasterxml/jackson/core/jackson-annotations/2.9.10/jackson-annotations-2.9.10-sources.jar","javadocContainerUrl":"file:/C:/Users/b8ibmjava13/.m2/repository/com/fasterxml/jackson/core/jackson-annotations/2.9.10/jackson-annotations-2.9.10-javadoc.jar","isSystem":false,"isOwn":false,"isTest":false,"isJavaContent":false},{"kind":"binary","path":"C:\\Users\\b8ibmjava13\\.m2\\repository\\com\\fasterxml\\jackson\\core\\jackson-core\\2.9.10\\jackson-core-2.9.10.jar","sourceContainerUrl":"file:/C:/Users/b8ibmjava13/.m2/repository/com/fasterxml/jackson/core/jackson-core/2.9.10/jackson-core-2.9.10-sources.jar","javadocContainerUrl":"file:/C:/Users/b8ibmjava13/.m2/repository/com/fasterxml/jackson/core/jackson-core/2.9.10/jackson-core-2.9.10-javadoc.jar","isSystem":false,"isOwn":false,"isTest":false,"isJavaContent":false},{"kind":"binary","path":"C:\\Users\\b8ibmjava13\\.m2\\repository\\com\\netflix\\eureka\\eureka-core\\1.9.13\\eureka-core-1.9.13.jar","sourceContainerUrl":"file:/C:/Users/b8ibmjava13/.m2/repository/com/netflix/eureka/eureka-core/1.9.13/eureka-core-1.9.13-sources.jar","javadocContainerUrl":"file:/C:/Users/b8ibmjava13/.m2/repository/com/netflix/eureka/eureka-core/1.9.13/eureka-core-1.9.13-javadoc.jar","isSystem":false,"isOwn":false,"isTest":false,"isJavaContent":false},{"kind":"binary","path":"C:\\Users\\b8ibmjava13\\.m2\\repository\\com\\fasterxml\\woodstox\\woodstox-core\\5.0.3\\woodstox-core-5.0.3.jar","sourceContainerUrl":"file:/C:/Users/b8ibmjava13/.m2/repository/com/fasterxml/woodstox/woodstox-core/5.0.3/woodstox-core-5.0.3-sources.jar","javadocContainerUrl":"file:/C:/Users/b8ibmjava13/.m2/repository/com/fasterxml/woodstox/woodstox-core/5.0.3/woodstox-core-5.0.3-javadoc.jar","isSystem":false,"isOwn":false,"isTest":false,"isJavaContent":false},{"kind":"binary","path":"C:\\Users\\b8ibmjava13\\.m2\\repository\\org\\codehaus\\woodstox\\stax2-api\\3.1.4\\stax2-api-3.1.4.jar","sourceContainerUrl":"file:/C:/Users/b8ibmjava13/.m2/repository/org/codehaus/woodstox/stax2-api/3.1.4/stax2-api-3.1.4-sources.jar","javadocContainerUrl":"file:/C:/Users/b8ibmjava13/.m2/repository/org/codehaus/woodstox/stax2-api/3.1.4/stax2-api-3.1.4-javadoc.jar","isSystem":false,"isOwn":false,"isTest":false,"isJavaContent":false},{"kind":"binary","path":"C:\\Users\\b8ibmjava13\\.m2\\repository\\org\\springframework\\cloud\\spring-cloud-starter-netflix-archaius\\2.1.4.RELEASE\\spring-cloud-starter-netflix-archaius-2.1.4.RELEASE.jar","isSystem":false,"isOwn":false,"isTest":false,"isJavaContent":false},{"kind":"binary","path":"C:\\Users\\b8ibmjava13\\.m2\\repository\\org\\springframework\\cloud\\spring-cloud-netflix-ribbon\\2.1.4.RELEASE\\spring-cloud-netflix-ribbon-2.1.4.RELEASE.jar","sourceContainerUrl":"file:/C:/Users/b8ibmjava13/.m2/repository/org/springframework/cloud/spring-cloud-netflix-ribbon/2.1.4.RELEASE/spring-cloud-netflix-ribbon-2.1.4.RELEASE-sources.jar","javadocContainerUrl":"file:/C:/Users/b8ibmjava13/.m2/repository/org/springframework/cloud/spring-cloud-netflix-ribbon/2.1.4.RELEASE/spring-cloud-netflix-ribbon-2.1.4.RELEASE-javadoc.jar","isSystem":false,"isOwn":false,"isTest":false,"isJavaContent":false},{"kind":"binary","path":"C:\\Users\\b8ibmjava13\\.m2\\repository\\org\\springframework\\cloud\\spring-cloud-netflix-archaius\\2.1.4.RELEASE\\spring-cloud-netflix-archaius-2.1.4.RELEASE.jar","sourceContainerUrl":"file:/C:/Users/b8ibmjava13/.m2/repository/org/springframework/cloud/spring-cloud-netflix-archaius/2.1.4.RELEASE/spring-cloud-netflix-archaius-2.1.4.RELEASE-sources.jar","javadocContainerUrl":"file:/C:/Users/b8ibmjava13/.m2/repository/org/springframework/cloud/spring-cloud-netflix-archaius/2.1.4.RELEASE/spring-cloud-netflix-archaius-2.1.4.RELEASE-javadoc.jar","isSystem":false,"isOwn":false,"isTest":false,"isJavaContent":false},{"kind":"binary","path":"C:\\Users\\b8ibmjava13\\.m2\\repository\\commons-configuration\\commons-configuration\\1.8\\commons-configuration-1.8.jar","sourceContainerUrl":"file:/C:/Users/b8ibmjava13/.m2/repository/commons-configuration/commons-configuration/1.8/commons-configuration-1.8-sources.jar","javadocContainerUrl":"file:/C:/Users/b8ibmjava13/.m2/repository/commons-configuration/commons-configuration/1.8/commons-configuration-1.8-javadoc.jar","isSystem":false,"isOwn":false,"isTest":false,"isJavaContent":false},{"kind":"binary","path":"C:\\Users\\b8ibmjava13\\.m2\\repository\\commons-lang\\commons-lang\\2.6\\commons-lang-2.6.jar","sourceContainerUrl":"file:/C:/Users/b8ibmjava13/.m2/repository/commons-lang/commons-lang/2.6/commons-lang-2.6-sources.jar","javadocContainerUrl":"file:/C:/Users/b8ibmjava13/.m2/repository/commons-lang/commons-lang/2.6/commons-lang-2.6-javadoc.jar","isSystem":false,"isOwn":false,"isTest":false,"isJavaContent":false},{"kind":"binary","path":"C:\\Users\\b8ibmjava13\\.m2\\repository\\org\\springframework\\cloud\\spring-cloud-starter-netflix-ribbon\\2.1.4.RELEASE\\spring-cloud-starter-netflix-ribbon-2.1.4.RELEASE.jar","javadocContainerUrl":"file:/C:/Users/b8ibmjava13/.m2/repository/org/springframework/cloud/spring-cloud-starter-netflix-ribbon/2.1.4.RELEASE/spring-cloud-starter-netflix-ribbon-2.1.4.RELEASE-javadoc.jar","isSystem":false,"isOwn":false,"isTest":false,"isJavaContent":false},{"kind":"binary","path":"C:\\Users\\b8ibmjava13\\.m2\\repository\\com\\netflix\\ribbon\\ribbon\\2.3.0\\ribbon-2.3.0.jar","sourceContainerUrl":"file:/C:/Users/b8ibmjava13/.m2/repository/com/netflix/ribbon/ribbon/2.3.0/ribbon-2.3.0-sources.jar","javadocContainerUrl":"file:/C:/Users/b8ibmjava13/.m2/repository/com/netflix/ribbon/ribbon/2.3.0/ribbon-2.3.0-javadoc.jar","isSystem":false,"isOwn":false,"isTest":false,"isJavaContent":false},{"kind":"binary","path":"C:\\Users\\b8ibmjava13\\.m2\\repository\\com\\netflix\\ribbon\\ribbon-transport\\2.3.0\\ribbon-transport-2.3.0.jar","sourceContainerUrl":"file:/C:/Users/b8ibmjava13/.m2/repository/com/netflix/ribbon/ribbon-transport/2.3.0/ribbon-transport-2.3.0-sources.jar","javadocContainerUrl":"file:/C:/Users/b8ibmjava13/.m2/repository/com/netflix/ribbon/ribbon-transport/2.3.0/ribbon-transport-2.3.0-javadoc.jar","isSystem":false,"isOwn":false,"isTest":false,"isJavaContent":false},{"kind":"binary","path":"C:\\Users\\b8ibmjava13\\.m2\\repository\\io\\reactivex\\rxnetty-contexts\\0.4.9\\rxnetty-contexts-0.4.9.jar","sourceContainerUrl":"file:/C:/Users/b8ibmjava13/.m2/repository/io/reactivex/rxnetty-contexts/0.4.9/rxnetty-contexts-0.4.9-sources.jar","javadocContainerUrl":"file:/C:/Users/b8ibmjava13/.m2/repository/io/reactivex/rxnetty-contexts/0.4.9/rxnetty-contexts-0.4.9-javadoc.jar","isSystem":false,"isOwn":false,"isTest":false,"isJavaContent":false},{"kind":"binary","path":"C:\\Users\\b8ibmjava13\\.m2\\repository\\io\\reactivex\\rxnetty-servo\\0.4.9\\rxnetty-servo-0.4.9.jar","sourceContainerUrl":"file:/C:/Users/b8ibmjava13/.m2/repository/io/reactivex/rxnetty-servo/0.4.9/rxnetty-servo-0.4.9-sources.jar","javadocContainerUrl":"file:/C:/Users/b8ibmjava13/.m2/repository/io/reactivex/rxnetty-servo/0.4.9/rxnetty-servo-0.4.9-javadoc.jar","isSystem":false,"isOwn":false,"isTest":false,"isJavaContent":false},{"kind":"binary","path":"C:\\Users\\b8ibmjava13\\.m2\\repository\\com\\netflix\\hystrix\\hystrix-core\\1.5.18\\hystrix-core-1.5.18.jar","sourceContainerUrl":"file:/C:/Users/b8ibmjava13/.m2/repository/com/netflix/hystrix/hystrix-core/1.5.18/hystrix-core-1.5.18-sources.jar","javadocContainerUrl":"file:/C:/Users/b8ibmjava13/.m2/repository/com/netflix/hystrix/hystrix-core/1.5.18/hystrix-core-1.5.18-javadoc.jar","isSystem":false,"isOwn":false,"isTest":false,"isJavaContent":false},{"kind":"binary","path":"C:\\Users\\b8ibmjava13\\.m2\\repository\\org\\hdrhistogram\\HdrHistogram\\2.1.9\\HdrHistogram-2.1.9.jar","sourceContainerUrl":"file:/C:/Users/b8ibmjava13/.m2/repository/org/hdrhistogram/HdrHistogram/2.1.9/HdrHistogram-2.1.9-sources.jar","javadocContainerUrl":"file:/C:/Users/b8ibmjava13/.m2/repository/org/hdrhistogram/HdrHistogram/2.1.9/HdrHistogram-2.1.9-javadoc.jar","isSystem":false,"isOwn":false,"isTest":false,"isJavaContent":false},{"kind":"binary","path":"C:\\Users\\b8ibmjava13\\.m2\\repository\\io\\reactivex\\rxnetty\\0.4.9\\rxnetty-0.4.9.jar","sourceContainerUrl":"file:/C:/Users/b8ibmjava13/.m2/repository/io/reactivex/rxnetty/0.4.9/rxnetty-0.4.9-sources.jar","javadocContainerUrl":"file:/C:/Users/b8ibmjava13/.m2/repository/io/reactivex/rxnetty/0.4.9/rxnetty-0.4.9-javadoc.jar","isSystem":false,"isOwn":false,"isTest":false,"isJavaContent":false},{"kind":"binary","path":"C:\\Users\\b8ibmjava13\\.m2\\repository\\com\\netflix\\ribbon\\ribbon-core\\2.3.0\\ribbon-core-2.3.0.jar","sourceContainerUrl":"file:/C:/Users/b8ibmjava13/.m2/repository/com/netflix/ribbon/ribbon-core/2.3.0/ribbon-core-2.3.0-sources.jar","javadocContainerUrl":"file:/C:/Users/b8ibmjava13/.m2/repository/com/netflix/ribbon/ribbon-core/2.3.0/ribbon-core-2.3.0-javadoc.jar","isSystem":false,"isOwn":false,"isTest":false,"isJavaContent":false},{"kind":"binary","path":"C:\\Users\\b8ibmjava13\\.m2\\repository\\com\\netflix\\ribbon\\ribbon-httpclient\\2.3.0\\ribbon-httpclient-2.3.0.jar","sourceContainerUrl":"file:/C:/Users/b8ibmjava13/.m2/repository/com/netflix/ribbon/ribbon-httpclient/2.3.0/ribbon-httpclient-2.3.0-sources.jar","javadocContainerUrl":"file:/C:/Users/b8ibmjava13/.m2/repository/com/netflix/ribbon/ribbon-httpclient/2.3.0/ribbon-httpclient-2.3.0-javadoc.jar","isSystem":false,"isOwn":false,"isTest":false,"isJavaContent":false},{"kind":"binary","path":"C:\\Users\\b8ibmjava13\\.m2\\repository\\commons-collections\\commons-collections\\3.2.2\\commons-collections-3.2.2.jar","sourceContainerUrl":"file:/C:/Users/b8ibmjava13/.m2/repository/commons-collections/commons-collections/3.2.2/commons-collections-3.2.2-sources.jar","javadocContainerUrl":"file:/C:/Users/b8ibmjava13/.m2/repository/commons-collections/commons-collections/3.2.2/commons-collections-3.2.2-javadoc.jar","isSystem":false,"isOwn":false,"isTest":false,"isJavaContent":false},{"kind":"binary","path":"C:\\Users\\b8ibmjava13\\.m2\\repository\\com\\netflix\\netflix-commons\\netflix-commons-util\\0.3.0\\netflix-commons-util-0.3.0.jar","sourceContainerUrl":"file:/C:/Users/b8ibmjava13/.m2/repository/com/netflix/netflix-commons/netflix-commons-util/0.3.0/netflix-commons-util-0.3.0-sources.jar","javadocContainerUrl":"file:/C:/Users/b8ibmjava13/.m2/repository/com/netflix/netflix-commons/netflix-commons-util/0.3.0/netflix-commons-util-0.3.0-javadoc.jar","isSystem":false,"isOwn":false,"isTest":false,"isJavaContent":false},{"kind":"binary","path":"C:\\Users\\b8ibmjava13\\.m2\\repository\\com\\netflix\\ribbon\\ribbon-loadbalancer\\2.3.0\\ribbon-loadbalancer-2.3.0.jar","sourceContainerUrl":"file:/C:/Users/b8ibmjava13/.m2/repository/com/netflix/ribbon/ribbon-loadbalancer/2.3.0/ribbon-loadbalancer-2.3.0-sources.jar","javadocContainerUrl":"file:/C:/Users/b8ibmjava13/.m2/repository/com/netflix/ribbon/ribbon-loadbalancer/2.3.0/ribbon-loadbalancer-2.3.0-javadoc.jar","isSystem":false,"isOwn":false,"isTest":false,"isJavaContent":false},{"kind":"binary","path":"C:\\Users\\b8ibmjava13\\.m2\\repository\\com\\netflix\\netflix-commons\\netflix-statistics\\0.1.1\\netflix-statistics-0.1.1.jar","sourceContainerUrl":"file:/C:/Users/b8ibmjava13/.m2/repository/com/netflix/netflix-commons/netflix-statistics/0.1.1/netflix-statistics-0.1.1-sources.jar","javadocContainerUrl":"file:/C:/Users/b8ibmjava13/.m2/repository/com/netflix/netflix-commons/netflix-statistics/0.1.1/netflix-statistics-0.1.1-javadoc.jar","isSystem":false,"isOwn":false,"isTest":false,"isJavaContent":false},{"kind":"binary","path":"C:\\Users\\b8ibmjava13\\.m2\\repository\\io\\reactivex\\rxjava\\1.3.8\\rxjava-1.3.8.jar","sourceContainerUrl":"file:/C:/Users/b8ibmjava13/.m2/repository/io/reactivex/rxjava/1.3.8/rxjava-1.3.8-sources.jar","javadocContainerUrl":"file:/C:/Users/b8ibmjava13/.m2/repository/io/reactivex/rxjava/1.3.8/rxjava-1.3.8-javadoc.jar","isSystem":false,"isOwn":false,"isTest":false,"isJavaContent":false},{"kind":"binary","path":"C:\\Users\\b8ibmjava13\\.m2\\repository\\com\\netflix\\ribbon\\ribbon-eureka\\2.3.0\\ribbon-eureka-2.3.0.jar","sourceContainerUrl":"file:/C:/Users/b8ibmjava13/.m2/repository/com/netflix/ribbon/ribbon-eureka/2.3.0/ribbon-eureka-2.3.0-sources.jar","javadocContainerUrl":"file:/C:/Users/b8ibmjava13/.m2/repository/com/netflix/ribbon/ribbon-eureka/2.3.0/ribbon-eureka-2.3.0-javadoc.jar","isSystem":false,"isOwn":false,"isTest":false,"isJavaContent":false},{"kind":"binary","path":"C:\\Users\\b8ibmjava13\\.m2\\repository\\com\\thoughtworks\\xstream\\xstream\\1.4.11.1\\xstream-1.4.11.1.jar","sourceContainerUrl":"file:/C:/Users/b8ibmjava13/.m2/repository/com/thoughtworks/xstream/xstream/1.4.11.1/xstream-1.4.11.1-sources.jar","javadocContainerUrl":"file:/C:/Users/b8ibmjava13/.m2/repository/com/thoughtworks/xstream/xstream/1.4.11.1/xstream-1.4.11.1-javadoc.jar","isSystem":false,"isOwn":false,"isTest":false,"isJavaContent":false},{"kind":"binary","path":"C:\\Users\\b8ibmjava13\\.m2\\repository\\xmlpull\\xmlpull\\1.1.3.1\\xmlpull-1.1.3.1.jar","isSystem":false,"isOwn":false,"isTest":false,"isJavaContent":false},{"kind":"binary","path":"C:\\Users\\b8ibmjava13\\.m2\\repository\\xpp3\\xpp3_min\\1.1.4c\\xpp3_min-1.1.4c.jar","sourceContainerUrl":"file:/C:/Users/b8ibmjava13/.m2/repository/xpp3/xpp3_min/1.1.4c/xpp3_min-1.1.4c-sources.jar","javadocContainerUrl":"file:/C:/Users/b8ibmjava13/.m2/repository/xpp3/xpp3_min/1.1.4c/xpp3_min-1.1.4c-javadoc.jar","isSystem":false,"isOwn":false,"isTest":false,"isJavaContent":false},{"kind":"source","path":"C:\\Users\\b8ibmjava13\\fin\\backend-master\\Admin-backend\\src\\main\\java","outputFolder":"C:\\Users\\b8ibmjava13\\fin\\backend-master\\Admin-backend\\target\\classes","javadocContainerUrl":"file:/C:/Users/b8ibmjava13/fin/backend-master/Admin-backend/target/site/apidocs","isSystem":false,"isOwn":true,"isTest":false,"isJavaContent":true},{"kind":"source","path":"C:\\Users\\b8ibmjava13\\fin\\backend-master\\Admin-backend\\src\\test\\java","outputFolder":"C:\\Users\\b8ibmjava13\\fin\\backend-master\\Admin-backend\\target\\test-classes","javadocContainerUrl":"file:/C:/Users/b8ibmjava13/fin/backend-master/Admin-backend/target/site/apidocs","isSystem":false,"isOwn":true,"isTest":true,"isJavaContent":true},{"kind":"source","path":"C:\\Users\\b8ibmjava13\\fin\\backend-master\\Admin-backend\\src\\main\\resources","outputFolder":"C:\\Users\\b8ibmjava13\\fin\\backend-master\\Admin-backend\\target\\classes","isSystem":false,"isOwn":true,"isTest":false,"isJavaContent":false},{"kind":"source","path":"C:\\Users\\b8ibmjava13\\fin\\backend-master\\Admin-backend\\src\\test\\resources","outputFolder":"C:\\Users\\b8ibmjava13\\fin\\backend-master\\Admin-backend\\target\\test-classes","isSystem":false,"isOwn":true,"isTest":true,"isJavaContent":false},{"kind":"source","path":"C:\\Users\\b8ibmjava13\\fin\\backend-master\\Admin-backend\\src\\test\\java","outputFolder":"C:\\Users\\b8ibmjava13\\fin\\backend-master\\Admin-backend\\target\\test-classes","javadocContainerUrl":"file:/C:/Users/b8ibmjava13/fin/backend-master/Admin-backend/target/site/apidocs","isSystem":false,"isOwn":true,"isTest":false,"isJavaContent":false}]}